Year,Player Name,Position,Age,Team,GP,GS,MP,FG,FGA,FG%,3P,3PA,3P%,2P,2PA,2P%,eFG%,FT,FTA,FT%,ORB,DRB,TRB,AST,STL,BLK,TOV,PF,PTS,Total Minutes,PER,TS%,3PAr,FTr,ORB%,DRB%,TRB%,AST%,STL%,BLK%,TOV%,USG%,OWS,DWS,WS,WS/48,OBPM,DBPM,BPM,VORP
2020,John Collins,PF,22,ATL,41,41,33.2,8.6,14.8,0.583,1.4,3.6,0.401,7.2,11.2,0.642,0.632,2.9,3.7,0.8,2.8,7.3,10.1,1.5,0.8,1.6,1.8,3.4,21.6,1363,23.5,0.659,0.243,0.248,9.0,24.0,16.4,7.6,1.1,4.1,10.1,22.7,3.8,1.2,4.9,0.174,3.7,-0.6,3.1,1.7
2020,Damian Jones,C,24,ATL,55,27,16.1,2.2,3.2,0.68,0.0,0.2,0.222,2.2,3.1,0.704,0.685,1.1,1.5,0.738,1.3,2.4,3.7,0.6,0.5,0.7,0.5,2.7,5.6,887,15.6,0.712,0.051,0.472,8.9,16.2,12.5,5.6,1.4,3.8,11.5,11.4,2.2,0.6,2.8,0.152,-1.6,0.1,-1.5,0.1
2020,Trae Young,PG,21,ATL,60,60,35.3,9.1,20.8,0.437,3.4,9.5,0.361,5.7,11.4,0.501,0.519,8.0,9.3,0.86,0.5,3.7,4.3,9.3,1.1,0.1,4.8,1.7,29.6,2120,23.9,0.595,0.455,0.448,1.6,11.5,6.5,45.6,1.4,0.3,16.2,34.9,5.3,0.6,5.9,0.133,6.2,-2.3,3.9,3.1
2020,Jeff Teague,PG,31,ATL,59,17,24.8,3.6,8.3,0.436,0.7,2.0,0.368,2.9,6.3,0.457,0.48,2.9,3.3,0.873,0.5,1.9,2.4,5.2,0.7,0.3,2.0,1.8,10.9,1464,14.6,0.557,0.239,0.403,1.9,8.6,5.2,30.7,1.4,1.1,16.8,19.5,1.9,0.6,2.5,0.082,-0.2,-1.3,-1.5,0.2
2020,Solomon Hill,PF,28,ATL,59,4,18.4,1.9,4.7,0.396,1.1,2.9,0.368,0.8,1.8,0.439,0.509,0.7,0.9,0.741,0.5,2.3,2.8,1.8,0.7,0.2,0.9,1.4,5.5,1088,9.8,0.535,0.615,0.194,2.9,13.0,8.1,12.4,1.9,1.0,14.5,13.6,0.4,1.1,1.4,0.064,-2.0,0.3,-1.7,0.1
2020,Bruno Fernando,C,21,ATL,56,13,12.7,1.8,3.6,0.518,0.1,0.7,0.135,1.8,2.9,0.605,0.53,0.5,0.9,0.569,1.2,2.3,3.5,0.9,0.3,0.3,0.8,1.9,4.3,713,11.9,0.542,0.186,0.256,10.0,20.0,15.0,9.9,1.2,2.0,15.9,15.3,0.4,0.4,0.8,0.055,-3.2,-0.9,-4.1,-0.4
2020,Kevin Huerter,SG,21,ATL,56,48,31.4,4.5,10.9,0.413,2.3,6.0,0.38,2.2,4.9,0.453,0.517,0.9,1.1,0.828,0.6,3.4,4.1,3.8,0.9,0.5,1.6,2.5,12.2,1760,11.5,0.536,0.548,0.105,2.1,12.0,7.0,17.5,1.4,1.3,12.0,17.1,1.0,0.6,1.6,0.043,-0.7,-0.9,-1.6,0.2
2020,Brandon Goodwin,PG,24,ATL,34,1,12.6,2.2,5.6,0.4,0.8,2.6,0.299,1.5,3.0,0.485,0.468,0.8,0.9,0.933,0.3,1.8,2.1,1.5,0.4,0.1,0.9,1.3,6.1,430,11.6,0.507,0.458,0.158,2.7,15.5,9.0,18.0,1.3,0.8,12.5,22.4,-0.1,0.2,0.1,0.013,-1.6,-1.3,-2.9,-0.1
2020,DeAndre' Bembry,SG,25,ATL,43,4,21.3,2.4,5.3,0.456,0.3,1.5,0.231,2.1,3.8,0.546,0.489,0.6,1.1,0.542,0.8,2.7,3.5,1.9,1.3,0.4,1.4,2.0,5.8,915,9.6,0.5,0.285,0.211,4.0,14.1,8.9,12.3,2.8,1.7,19.4,14.0,-0.5,0.8,0.2,0.012,-3.5,1.1,-2.5,-0.1
2020,Robert Williams,C,22,BOS,29,1,13.4,2.2,3.0,0.727,0.0,0.0,0.0,2.2,3.0,0.727,0.727,0.8,1.2,0.647,1.4,3.0,4.4,0.9,0.8,1.2,0.7,1.8,5.2,388,23.1,0.728,0.0,0.386,11.2,24.0,17.7,10.1,2.7,8.4,16.9,13.6,1.1,1.0,2.0,0.253,0.8,4.3,5.1,0.7
2020,Enes Kanter,C,27,BOS,58,7,16.9,3.4,6.0,0.572,0.0,0.1,0.143,3.4,5.9,0.581,0.573,1.2,1.7,0.707,2.8,4.6,7.4,1.0,0.4,0.7,1.0,1.7,8.1,983,22.4,0.599,0.02,0.284,18.0,28.9,23.5,8.8,1.1,3.9,12.5,19.4,2.6,1.8,4.4,0.214,1.8,-0.3,1.5,0.9
2020,Daniel Theis,C,27,BOS,65,64,24.1,3.7,6.6,0.566,0.5,1.5,0.333,3.2,5.1,0.633,0.603,1.3,1.8,0.763,2.2,4.4,6.6,1.7,0.6,1.3,0.8,3.4,9.2,1566,17.9,0.631,0.225,0.268,9.7,19.3,14.6,10.1,1.1,5.0,10.2,14.4,4.0,2.6,6.5,0.201,0.6,1.8,2.4,1.7
2020,Kemba Walker,PG,29,BOS,56,56,31.1,6.8,15.9,0.425,3.2,8.4,0.381,3.5,7.4,0.476,0.526,3.7,4.3,0.864,0.6,3.2,3.9,4.8,0.9,0.5,2.1,1.6,20.4,1742,20.0,0.575,0.532,0.272,2.2,11.0,6.7,24.2,1.3,1.5,10.5,27.2,3.9,2.0,5.9,0.162,4.9,-0.3,4.6,2.9
2020,Gordon Hayward,SF,29,BOS,52,52,33.5,6.7,13.5,0.5,1.6,4.3,0.383,5.1,9.2,0.554,0.561,2.4,2.8,0.855,1.1,5.6,6.7,4.1,0.7,0.4,1.8,1.8,17.5,1740,18.1,0.595,0.317,0.207,3.4,17.8,10.7,18.7,1.1,1.2,11.2,21.1,3.5,2.2,5.7,0.158,2.6,0.1,2.7,2.0
2020,Jayson Tatum,PF,21,BOS,66,66,34.3,8.4,18.6,0.45,2.9,7.1,0.403,5.5,11.5,0.48,0.527,3.8,4.7,0.812,1.0,6.0,7.0,3.0,1.4,0.9,2.3,2.1,23.4,2265,20.4,0.567,0.383,0.255,3.1,18.5,10.9,14.5,2.0,2.3,10.2,28.6,3.2,3.7,6.9,0.146,3.5,0.6,4.0,3.4
2020,Brad Wanamaker,PG,30,BOS,71,1,19.3,2.3,5.1,0.448,0.5,1.4,0.363,1.8,3.7,0.481,0.499,1.8,1.9,0.926,0.3,1.7,2.0,2.5,0.9,0.2,1.1,1.9,6.9,1369,12.8,0.577,0.282,0.376,1.7,9.4,5.6,17.8,2.2,0.9,15.3,15.5,1.8,1.8,3.5,0.124,-1.9,1.3,-0.6,0.5
2020,Jaylen Brown,SG,23,BOS,57,57,33.9,7.5,15.6,0.481,2.3,5.9,0.382,5.2,9.6,0.543,0.554,3.1,4.3,0.724,1.1,5.3,6.4,2.1,1.1,0.4,2.2,2.9,20.3,1934,16.9,0.583,0.381,0.274,3.5,16.5,10.1,9.7,1.6,1.0,11.2,24.7,2.3,2.6,4.9,0.123,1.0,-0.2,0.8,1.4
2020,Marcus Smart,SG,25,BOS,60,40,32.0,4.3,11.4,0.375,2.3,6.6,0.347,2.0,4.8,0.415,0.476,2.1,2.5,0.836,0.7,3.1,3.8,4.9,1.7,0.5,1.7,2.7,12.9,1919,13.8,0.518,0.579,0.223,2.4,10.1,6.3,21.1,2.5,1.4,12.1,18.9,1.7,2.8,4.5,0.112,0.0,1.4,1.4,1.6
2020,Jarrett Allen,C,21,BRK,70,64,26.5,4.3,6.6,0.649,0.0,0.1,0.0,4.3,6.6,0.658,0.649,2.4,3.9,0.633,3.1,6.5,9.6,1.6,0.6,1.3,1.1,2.3,11.1,1852,20.7,0.664,0.013,0.581,12.3,24.9,18.7,8.9,1.0,4.2,11.7,14.9,5.2,2.9,8.2,0.212,1.4,1.0,2.3,2.0
2020,Kyrie Irving,PG,27,BRK,20,20,32.9,10.0,20.8,0.478,2.8,7.1,0.394,7.2,13.7,0.522,0.546,4.7,5.1,0.922,1.1,4.1,5.2,6.4,1.4,0.5,2.6,2.7,27.4,658,26.2,0.595,0.341,0.245,3.5,12.5,8.1,36.7,1.9,1.3,10.1,32.6,2.1,0.8,2.9,0.21,6.7,0.9,7.7,1.6
2020,DeAndre Jordan,C,31,BRK,56,6,22.0,3.4,5.1,0.666,0.0,0.0,0.0,3.4,5.1,0.666,0.666,1.5,2.2,0.68,2.5,7.5,10.0,1.9,0.3,0.9,1.3,2.0,8.3,1234,19.9,0.682,0.0,0.425,12.1,34.5,23.5,12.6,0.7,3.5,17.8,14.1,3.0,2.2,5.2,0.2,1.2,1.8,3.0,1.5
2020,David Nwaba,SF,27,BRK,20,0,13.4,1.9,3.6,0.521,0.6,1.4,0.429,1.3,2.2,0.581,0.606,0.9,1.4,0.667,0.4,1.9,2.3,0.4,0.6,0.6,0.4,1.6,5.2,268,14.0,0.627,0.394,0.38,3.2,14.0,8.7,4.3,1.9,3.7,8.8,14.2,0.4,0.4,0.8,0.138,-1.0,2.0,1.0,0.2
2020,Nicolas Claxton,C,20,BRK,15,0,12.5,1.8,3.2,0.563,0.1,0.5,0.143,1.7,2.7,0.634,0.573,0.7,1.4,0.524,1.3,1.7,2.9,1.1,0.1,0.5,0.6,0.9,4.4,187,14.8,0.577,0.146,0.438,10.7,13.6,12.2,12.4,0.3,3.6,13.6,14.8,0.3,0.2,0.5,0.121,-0.7,0.0,-0.6,0.1
2020,Spencer Dinwiddie,PG,26,BRK,64,49,31.2,6.6,16.0,0.415,1.9,6.3,0.308,4.7,9.7,0.485,0.476,5.4,7.0,0.778,0.5,3.0,3.5,6.8,0.6,0.3,2.7,2.8,20.6,1994,17.8,0.541,0.392,0.437,1.7,9.6,5.7,35.0,0.9,0.9,12.5,29.2,3.2,1.6,4.8,0.116,2.7,-0.8,1.8,1.9
2020,Jeff Green,PF,33,BRK,48,4,20.0,3.3,7.2,0.462,1.3,3.8,0.339,2.0,3.4,0.602,0.552,1.5,1.9,0.802,0.5,2.3,2.8,1.0,0.5,0.4,0.9,1.9,9.4,960,13.7,0.59,0.532,0.265,2.7,12.0,7.5,7.9,1.3,1.7,9.9,19.0,1.2,0.9,2.1,0.104,0.0,-0.1,-0.1,0.5
2020,Joe Harris,SF,28,BRK,69,69,30.8,5.5,11.4,0.486,2.5,5.9,0.424,3.0,5.5,0.553,0.596,0.9,1.3,0.719,0.9,3.4,4.3,2.1,0.6,0.2,1.5,2.3,14.5,2123,13.3,0.606,0.518,0.114,3.2,11.2,7.3,10.4,0.9,0.7,11.2,18.3,2.5,1.8,4.3,0.097,0.4,-0.6,-0.2,1.0
2020,Timothé Luwawu-Cabarrot,SF,24,BRK,47,2,18.1,2.5,5.7,0.435,1.3,3.4,0.388,1.2,2.3,0.505,0.55,1.5,1.7,0.852,0.6,2.1,2.7,0.6,0.4,0.1,0.8,2.3,7.8,853,11.0,0.599,0.595,0.301,3.6,11.6,7.7,4.9,1.0,0.7,10.8,16.8,0.9,0.7,1.7,0.095,-1.8,-0.5,-2.2,-0.1
2020,Shaquille Harrison,SG,26,CHI,43,10,11.3,1.8,3.8,0.467,0.4,1.0,0.381,1.4,2.9,0.496,0.515,0.9,1.2,0.78,0.5,1.5,2.0,1.1,0.8,0.4,0.4,1.3,4.9,484,17.8,0.559,0.255,0.303,4.8,15.3,9.8,15.3,3.4,3.7,9.2,18.1,0.7,0.8,1.5,0.153,0.4,2.4,2.8,0.6
2020,Daniel Gafford,C,21,CHI,43,7,14.2,2.2,3.1,0.701,0.0,0.0,0.0,2.2,3.1,0.701,0.701,0.7,1.4,0.533,1.2,1.3,2.5,0.5,0.3,1.3,0.7,2.3,5.1,609,16.2,0.686,0.0,0.448,9.0,10.3,9.6,5.2,1.0,8.7,15.3,13.3,1.1,0.8,1.9,0.146,-2.8,1.5,-1.3,0.1
2020,Wendell Carter Jr.,C,20,CHI,43,43,29.2,4.3,8.0,0.534,0.1,0.7,0.207,4.1,7.3,0.564,0.542,2.6,3.5,0.737,3.2,6.2,9.4,1.2,0.8,0.8,1.7,3.8,11.3,1256,15.5,0.59,0.085,0.443,11.6,24.6,17.8,6.0,1.3,2.7,14.9,16.4,1.7,1.6,3.3,0.127,-2.1,-0.3,-2.4,-0.1
2020,Cristiano Felício,C,27,CHI,22,0,17.5,1.5,2.5,0.63,0.0,0.1,0.0,1.5,2.4,0.654,0.63,0.8,1.0,0.783,2.5,2.1,4.6,0.7,0.5,0.1,0.8,1.5,3.9,386,12.8,0.671,0.037,0.426,15.0,14.1,14.6,5.7,1.2,0.5,21.9,9.1,0.7,0.3,1.0,0.126,-1.4,-1.6,-3.0,-0.1
2020,Zach LaVine,SG,24,CHI,60,60,34.8,9.0,20.0,0.45,3.1,8.1,0.38,5.9,11.9,0.497,0.526,4.5,5.6,0.802,0.7,4.1,4.8,4.2,1.5,0.5,3.4,2.2,25.5,2085,19.4,0.568,0.404,0.279,2.1,13.8,7.7,21.7,2.0,1.3,13.3,31.7,1.8,2.2,4.0,0.091,3.2,-0.8,2.4,2.4
2020,Luke Kornet,C,24,CHI,36,14,15.5,2.3,5.2,0.439,0.9,3.0,0.287,1.4,2.2,0.646,0.521,0.6,0.8,0.714,0.6,1.7,2.3,0.9,0.3,0.7,0.4,1.5,6.0,559,12.7,0.539,0.578,0.15,4.1,12.9,8.3,8.5,0.9,4.4,6.6,16.3,0.5,0.6,1.1,0.091,-0.9,-0.2,-1.2,0.1
2020,Tomáš Satoranský,SG,28,CHI,65,64,28.9,3.6,8.5,0.43,1.0,3.1,0.322,2.7,5.4,0.491,0.488,1.6,1.9,0.876,1.2,2.7,3.9,5.4,1.2,0.1,2.0,2.1,9.9,1878,13.5,0.533,0.361,0.22,4.3,11.0,7.5,27.1,2.1,0.4,17.7,16.7,1.8,1.7,3.5,0.09,-1.1,-0.2,-1.3,0.3
2020,Kris Dunn,PG,25,CHI,51,32,24.9,3.0,6.7,0.444,0.6,2.2,0.259,2.4,4.5,0.535,0.487,0.8,1.1,0.741,0.5,3.2,3.6,3.4,2.0,0.3,1.3,3.1,7.3,1269,12.1,0.51,0.327,0.158,1.9,14.9,8.1,19.4,3.8,1.3,15.7,14.6,0.3,2.0,2.3,0.085,-3.7,3.1,-0.6,0.4
2020,Lauri Markkanen,PF,22,CHI,50,50,29.8,5.0,11.8,0.425,2.2,6.3,0.344,2.8,5.5,0.518,0.517,2.5,3.1,0.824,1.2,5.1,6.3,1.5,0.8,0.5,1.6,1.9,14.7,1492,14.3,0.56,0.536,0.259,4.2,19.7,11.6,7.6,1.4,1.5,11.0,21.1,1.0,1.6,2.6,0.084,0.2,-0.8,-0.6,0.5
2020,Cody Zeller,C,27,CHO,58,39,23.1,4.3,8.3,0.524,0.3,1.3,0.24,4.0,7.0,0.577,0.543,2.1,3.1,0.682,2.8,4.3,7.1,1.5,0.7,0.4,1.3,2.4,11.1,1341,18.8,0.576,0.157,0.374,12.6,21.2,16.7,11.3,1.5,1.7,11.9,20.8,2.3,1.3,3.6,0.129,0.2,-0.8,-0.6,0.5
2020,Bismack Biyombo,C,27,CHO,53,29,19.4,2.8,5.2,0.543,0.0,0.0,0.0,2.8,5.2,0.543,0.543,1.7,2.8,0.603,2.3,3.5,5.8,0.9,0.2,0.9,0.9,2.2,7.4,1029,16.1,0.57,0.0,0.543,12.3,20.7,16.3,7.8,0.5,4.4,12.2,16.8,1.5,0.9,2.4,0.113,-1.8,-0.7,-2.5,-0.1
2020,Willy Hernangómez,C,25,CHO,31,0,12.1,2.4,4.5,0.532,0.2,0.7,0.227,2.2,3.8,0.59,0.55,1.2,1.9,0.627,1.4,2.9,4.3,0.9,0.3,0.2,1.0,1.0,6.1,375,19.2,0.576,0.158,0.424,12.1,27.5,19.5,13.5,1.3,1.7,15.4,22.9,0.4,0.4,0.8,0.107,0.6,-0.5,0.1,0.2
2020,Caleb Martin,SF,24,CHO,18,1,17.6,2.1,4.7,0.44,1.1,2.1,0.541,0.9,2.6,0.362,0.56,0.9,1.2,0.81,0.6,1.6,2.1,1.3,0.7,0.4,0.8,1.8,6.2,317,12.0,0.595,0.44,0.25,3.3,10.0,6.5,11.1,1.9,2.0,13.9,15.0,0.3,0.2,0.5,0.081,-1.6,0.6,-1.0,0.1
2020,Jalen McDaniels,SF,22,CHO,16,0,18.3,2.1,4.4,0.471,0.6,1.5,0.375,1.5,2.9,0.522,0.536,0.9,1.1,0.824,0.9,3.1,4.1,0.8,0.5,0.2,0.7,2.3,5.6,293,10.7,0.574,0.343,0.243,5.4,19.4,12.1,6.8,1.4,0.9,12.4,13.3,0.2,0.2,0.5,0.078,-3.4,0.1,-3.3,-0.1
2020,Devonte' Graham,PG,24,CHO,63,53,35.1,5.8,15.3,0.382,3.5,9.3,0.373,2.4,6.0,0.397,0.495,3.0,3.7,0.82,0.7,2.7,3.4,7.5,1.0,0.2,2.9,1.8,18.2,2211,15.8,0.537,0.607,0.242,2.0,8.7,5.2,35.3,1.4,0.6,14.5,24.8,2.4,0.9,3.4,0.073,2.5,-2.1,0.5,1.4
2020,Terry Rozier,PG,25,CHO,63,63,34.3,6.3,14.9,0.423,2.7,6.7,0.407,3.6,8.2,0.436,0.514,2.6,3.0,0.874,0.8,3.6,4.4,4.1,1.0,0.2,2.2,2.0,18.0,2164,14.8,0.553,0.45,0.202,2.4,11.8,7.0,20.4,1.4,0.4,12.1,23.7,1.9,1.1,3.0,0.066,0.8,-1.2,-0.4,0.8
2020,Nicolas Batum,SF,31,CHO,22,3,23.0,1.3,3.7,0.346,0.6,2.2,0.286,0.6,1.5,0.438,0.432,0.4,0.5,0.9,1.1,3.4,4.5,3.0,0.8,0.4,1.0,1.9,3.6,505,9.2,0.463,0.605,0.123,5.2,16.8,10.8,18.3,1.7,1.5,20.5,9.4,0.2,0.4,0.6,0.055,-2.8,0.9,-1.9,0.0
2020,P.J. Washington,PF,21,CHO,58,57,30.3,4.6,10.2,0.455,1.5,4.0,0.374,3.1,6.2,0.507,0.528,1.5,2.3,0.647,1.0,4.4,5.4,2.1,0.9,0.8,1.6,2.7,12.2,1759,12.4,0.547,0.39,0.231,3.5,16.6,9.8,11.3,1.5,2.3,12.5,18.6,0.5,1.5,2.0,0.054,-1.7,0.1,-1.6,0.2
2020,Larry Nance Jr.,PF,27,CLE,56,10,26.3,4.1,7.7,0.531,1.0,2.8,0.352,3.1,4.9,0.636,0.596,0.9,1.3,0.676,1.9,5.4,7.3,2.2,1.0,0.4,1.1,1.6,10.1,1472,17.3,0.608,0.369,0.172,7.9,23.1,15.4,12.3,1.9,1.3,11.5,15.2,2.8,1.1,3.9,0.128,1.4,0.4,1.7,1.4
2020,Andre Drummond,C,26,CLE,57,56,33.0,7.3,13.8,0.533,0.1,0.6,0.143,7.2,13.1,0.551,0.536,3.0,5.2,0.575,4.4,10.8,15.2,2.7,1.9,1.6,3.6,3.5,17.7,1879,22.0,0.553,0.045,0.375,14.9,37.5,26.0,13.6,2.8,4.2,18.2,25.9,0.6,3.6,4.2,0.108,-0.1,1.1,0.9,1.4
2020,Ante Žiži?,C,23,CLE,22,0,10.0,1.9,3.3,0.569,0.0,0.0,0.0,1.9,3.3,0.569,0.569,0.6,0.9,0.737,0.8,2.2,3.0,0.3,0.3,0.2,0.5,1.2,4.4,221,16.4,0.597,0.0,0.264,9.0,24.4,16.6,4.2,1.5,1.9,11.1,17.5,0.3,0.2,0.5,0.106,-1.7,-1.5,-3.2,-0.1
2020,Kevin Love,PF,31,CLE,56,56,31.8,5.8,13.0,0.45,2.6,7.0,0.374,3.2,6.0,0.537,0.55,3.3,3.9,0.854,1.0,8.8,9.8,3.2,0.6,0.3,2.5,1.6,17.6,1780,17.9,0.599,0.536,0.301,3.3,31.1,17.1,15.4,0.9,0.9,14.5,23.1,2.5,1.3,3.8,0.101,2.6,-0.5,2.0,1.8
2020,Tristan Thompson,PF,28,CLE,57,51,30.2,5.1,9.9,0.512,0.2,0.4,0.391,4.9,9.5,0.518,0.52,1.7,2.8,0.615,4.0,6.2,10.1,2.1,0.6,0.9,1.8,2.2,12.0,1721,16.8,0.54,0.041,0.286,14.5,22.9,18.6,10.5,0.9,2.5,14.0,18.3,2.0,1.1,3.1,0.085,-0.3,-1.3,-1.5,0.2
2020,Collin Sexton,PG,21,CLE,65,65,33.0,7.9,16.7,0.472,1.5,3.9,0.38,6.4,12.8,0.501,0.517,3.5,4.1,0.846,0.9,2.2,3.1,3.0,1.0,0.1,2.4,2.2,20.8,2143,16.3,0.56,0.235,0.246,3.1,7.5,5.3,15.1,1.5,0.3,11.6,27.2,2.1,0.4,2.5,0.057,0.3,-2.1,-1.8,0.1
2020,Dante Exum,SG,24,CLE,35,1,13.9,1.6,3.4,0.471,0.4,1.2,0.349,1.2,2.2,0.539,0.534,0.9,1.2,0.744,0.3,1.6,1.9,1.1,0.4,0.2,0.9,1.1,4.5,485,10.3,0.576,0.361,0.361,2.7,12.6,7.7,11.5,1.3,1.4,18.4,15.0,0.2,0.2,0.4,0.043,-2.5,-0.4,-2.9,-0.1
2020,Cedi Osman,SF,24,CLE,65,65,29.4,4.1,9.4,0.437,1.9,4.9,0.383,2.2,4.4,0.497,0.538,1.0,1.4,0.67,0.6,3.0,3.6,2.4,0.8,0.2,1.4,2.5,11.0,1910,10.7,0.552,0.527,0.154,2.2,11.3,6.7,11.6,1.4,0.7,12.3,16.6,1.0,0.6,1.6,0.04,-1.7,-0.9,-2.6,-0.3
2020,Alfonzo McKinnie,SF,27,CLE,40,1,14.8,1.8,4.3,0.427,0.4,1.6,0.215,1.5,2.7,0.557,0.468,0.6,0.8,0.71,0.9,1.9,2.8,0.4,0.6,0.2,0.7,1.8,4.6,593,8.7,0.493,0.38,0.181,6.9,14.4,10.6,3.3,1.9,1.2,12.3,15.2,-0.2,0.3,0.2,0.014,-4.4,-0.9,-5.3,-0.5
2020,Luka Don?i?,PG,20,DAL,61,61,33.6,9.5,20.6,0.463,2.8,8.9,0.316,6.7,11.7,0.574,0.531,7.0,9.2,0.758,1.3,8.1,9.4,8.8,1.0,0.2,4.3,2.5,28.8,2047,27.6,0.585,0.431,0.448,4.1,25.0,14.7,45.7,1.5,0.6,14.8,36.8,6.5,2.3,8.8,0.207,7.4,1.0,8.4,5.4
2020,Dwight Powell,C,28,DAL,40,37,26.5,3.7,5.7,0.638,0.3,1.0,0.256,3.4,4.8,0.716,0.659,1.9,2.8,0.667,1.9,3.8,5.7,1.5,0.9,0.6,0.9,2.6,9.4,1061,15.9,0.677,0.17,0.485,7.5,14.8,11.2,7.7,1.5,1.8,11.5,12.6,2.6,1.0,3.6,0.162,0.4,0.9,1.3,0.9
2020,Kristaps Porzi?ģis,C,24,DAL,57,57,31.8,7.0,16.4,0.427,2.5,7.1,0.352,4.5,9.3,0.484,0.503,4.0,5.0,0.799,1.8,7.7,9.5,1.8,0.7,2.0,1.6,3.2,20.4,1814,20.2,0.551,0.432,0.304,5.9,25.1,15.6,8.8,1.1,5.4,8.0,27.0,2.6,2.6,5.2,0.138,1.8,0.1,1.9,1.8
2020,Delon Wright,PG,27,DAL,73,5,21.5,2.6,5.6,0.462,0.6,1.7,0.37,2.0,3.9,0.504,0.519,1.1,1.4,0.77,1.0,2.9,3.8,3.3,1.2,0.3,1.0,1.3,6.9,1570,15.4,0.554,0.309,0.243,4.7,13.8,9.4,21.0,2.6,1.2,13.8,14.4,2.6,1.8,4.4,0.134,0.0,1.8,1.9,1.5
2020,Seth Curry,SG,29,DAL,64,25,24.6,4.4,9.0,0.495,2.3,5.0,0.452,2.2,4.0,0.549,0.621,1.3,1.5,0.825,0.4,1.8,2.3,1.9,0.6,0.1,1.0,1.8,12.4,1576,15.5,0.643,0.559,0.169,1.8,7.8,4.8,11.6,1.2,0.5,9.1,18.4,3.5,0.8,4.3,0.13,1.7,-0.9,0.8,1.2
2020,Willie Cauley-Stein,C,26,DAL,54,39,20.3,3.2,5.6,0.579,0.0,0.0,0.0,3.2,5.6,0.581,0.579,0.7,1.2,0.606,1.6,4.3,5.8,1.3,0.9,1.1,0.7,2.2,7.2,1097,17.0,0.589,0.003,0.219,8.0,23.3,15.5,9.9,2.1,5.0,10.8,14.4,1.5,1.5,2.9,0.128,-1.2,1.7,0.5,0.7
2020,Maxi Kleber,PF,28,DAL,74,21,25.5,3.2,6.9,0.461,1.6,4.3,0.373,1.6,2.6,0.605,0.577,1.1,1.3,0.849,1.5,3.7,5.2,1.2,0.3,1.1,0.8,2.4,9.1,1890,13.6,0.605,0.621,0.181,6.3,15.1,10.8,6.3,0.6,3.8,9.5,13.9,3.2,1.7,4.8,0.123,0.4,0.0,0.4,1.1
2020,Trey Burke,PG,27,DAL,33,1,15.8,2.8,6.3,0.45,1.0,2.3,0.427,1.9,4.1,0.463,0.526,0.7,0.9,0.793,0.5,1.0,1.5,2.5,0.5,0.1,0.6,1.0,7.4,520,15.6,0.548,0.359,0.139,3.4,7.0,5.2,23.7,1.5,0.3,8.7,20.0,1.0,0.4,1.3,0.123,0.8,-1.0,-0.2,0.2
2020,Dorian Finney-Smith,PF,26,DAL,71,68,29.9,3.4,7.4,0.466,1.6,4.3,0.376,1.8,3.1,0.589,0.575,1.1,1.5,0.722,2.0,3.7,5.7,1.6,0.6,0.5,1.0,2.5,9.5,2120,12.3,0.595,0.58,0.207,7.3,12.7,10.0,7.2,1.0,1.6,10.8,12.9,3.3,1.5,4.9,0.11,0.1,-0.3,-0.2,0.9
2020,Nikola Joki?,C,24,DEN,73,73,32.0,7.7,14.7,0.528,1.1,3.5,0.314,6.6,11.2,0.594,0.565,3.4,4.1,0.817,2.3,7.5,9.7,7.0,1.2,0.6,3.1,3.0,19.9,2336,24.9,0.605,0.238,0.281,8.0,26.1,17.1,35.2,1.8,1.7,15.8,26.6,6.7,3.1,9.8,0.202,5.5,2.0,7.4,5.5
2020,Michael Porter Jr.,SF,21,DEN,55,8,16.4,3.5,7.0,0.509,1.1,2.7,0.422,2.4,4.3,0.564,0.59,1.1,1.3,0.833,1.2,3.5,4.7,0.8,0.5,0.5,0.9,1.8,9.3,903,19.8,0.617,0.384,0.188,8.2,23.9,16.1,7.9,1.5,2.6,10.6,22.3,1.8,1.1,2.9,0.154,2.4,-0.8,1.5,0.8
2020,Mason Plumlee,C,29,DEN,61,1,17.3,2.9,4.7,0.615,0.0,0.1,0.0,2.9,4.6,0.625,0.615,1.4,2.5,0.535,1.6,3.6,5.2,2.5,0.5,0.6,1.3,2.3,7.2,1057,18.8,0.613,0.017,0.538,10.4,23.2,16.8,20.9,1.5,3.3,18.7,18.0,2.0,1.4,3.4,0.153,0.3,1.7,2.0,1.1
2020,Paul Millsap,PF,34,DEN,51,48,24.3,4.1,8.6,0.482,1.1,2.4,0.435,3.1,6.2,0.5,0.543,2.3,2.8,0.816,1.9,3.8,5.7,1.6,0.9,0.6,1.4,2.9,11.6,1240,16.9,0.591,0.283,0.322,8.9,17.6,13.2,9.6,1.8,2.2,12.3,20.0,2.1,1.4,3.5,0.136,0.3,-0.2,0.1,0.7
2020,Noah Vonleh,C,24,DEN,36,1,10.5,1.4,2.6,0.565,0.1,0.4,0.2,1.4,2.1,0.636,0.582,0.7,0.9,0.781,1.0,2.4,3.4,0.8,0.3,0.2,0.6,1.1,3.7,377,15.5,0.622,0.163,0.348,10.1,25.3,17.4,10.7,1.4,1.3,16.5,13.9,0.6,0.4,1.0,0.127,-1.2,0.3,-1.0,0.1
2020,Monte Morris,PG,24,DEN,73,12,22.4,3.6,7.8,0.459,0.9,2.4,0.378,2.7,5.4,0.495,0.517,1.0,1.2,0.843,0.3,1.5,1.9,3.5,0.8,0.2,0.7,1.0,9.0,1636,14.9,0.545,0.304,0.157,1.6,7.7,4.7,22.1,1.7,1.0,8.1,17.5,2.7,1.1,3.8,0.112,0.4,-0.5,-0.2,0.8
2020,Jerami Grant,PF,25,DEN,71,24,26.6,4.3,8.9,0.478,1.4,3.5,0.389,2.9,5.4,0.537,0.555,2.1,2.8,0.75,0.8,2.7,3.5,1.2,0.7,0.8,0.9,2.2,12.0,1892,14.4,0.591,0.397,0.309,3.4,11.2,7.3,6.6,1.3,2.8,8.0,18.0,2.8,1.6,4.4,0.111,0.1,-0.6,-0.5,0.7
2020,Jamal Murray,PG,22,DEN,59,59,32.3,6.9,15.2,0.456,1.9,5.5,0.346,5.0,9.7,0.519,0.519,2.8,3.1,0.881,0.8,3.2,4.0,4.8,1.1,0.3,2.2,1.7,18.5,1904,17.7,0.559,0.362,0.207,2.7,11.2,6.9,22.9,1.7,0.8,11.5,25.2,2.8,1.5,4.3,0.107,2.0,-0.8,1.2,1.5
2020,Will Barton,SF,29,DEN,58,58,33.0,5.7,12.7,0.45,1.9,5.0,0.375,3.9,7.8,0.498,0.523,1.8,2.3,0.767,1.3,5.0,6.3,3.7,1.1,0.5,1.5,2.1,15.1,1916,15.6,0.549,0.39,0.18,4.5,16.9,10.7,16.0,1.6,1.4,9.9,20.1,2.4,1.8,4.2,0.106,1.2,-0.2,1.1,1.5
2020,Christian Wood,PF,24,DET,62,12,21.4,4.6,8.2,0.567,0.9,2.3,0.386,3.8,5.9,0.636,0.62,2.9,3.9,0.744,1.7,4.6,6.3,1.0,0.5,0.9,1.4,1.6,13.1,1325,23.2,0.659,0.276,0.476,8.8,24.8,16.7,7.6,1.3,3.4,12.0,23.0,3.6,1.5,5.1,0.183,3.5,-0.3,3.1,1.7
2020,John Henson,C,29,DET,40,8,15.0,2.4,4.3,0.556,0.2,0.9,0.222,2.2,3.4,0.644,0.579,0.6,1.2,0.5,1.2,2.9,4.1,1.4,0.6,1.1,0.9,2.0,5.5,600,17.0,0.578,0.211,0.269,8.5,21.8,15.1,13.4,2.0,6.0,15.8,16.3,0.6,0.8,1.4,0.109,-1.2,2.1,0.9,0.4
2020,Luke Kennard,SG,23,DET,28,25,32.9,5.4,12.2,0.442,2.6,6.5,0.399,2.8,5.7,0.491,0.548,2.4,2.7,0.893,0.3,3.2,3.5,4.1,0.4,0.2,1.5,2.3,15.8,922,14.4,0.589,0.535,0.219,1.1,11.1,6.0,19.2,0.6,0.5,10.3,19.8,1.6,0.3,1.9,0.1,1.1,-1.4,-0.3,0.4
2020,Thon Maker,C,22,DET,60,14,12.9,1.6,3.2,0.482,0.4,1.1,0.344,1.2,2.2,0.55,0.539,1.2,1.8,0.664,0.9,1.9,2.8,0.7,0.4,0.7,0.8,1.7,4.7,776,13.7,0.582,0.332,0.57,7.8,16.7,12.2,8.0,1.6,4.2,15.7,16.1,0.7,0.8,1.5,0.096,-2.1,0.7,-1.4,0.1
2020,Derrick Rose,PG,31,DET,50,15,26.0,7.4,15.1,0.49,0.9,2.9,0.306,6.5,12.1,0.535,0.52,2.4,2.8,0.871,0.5,1.9,2.4,5.6,0.8,0.3,2.5,1.0,18.1,1298,21.0,0.555,0.195,0.185,2.3,8.3,5.3,40.5,1.5,1.0,13.4,31.6,1.8,0.7,2.5,0.092,3.9,-1.7,2.2,1.4
2020,Langston Galloway,SG,28,DET,66,6,25.8,3.6,8.2,0.435,2.0,5.0,0.399,1.6,3.2,0.493,0.557,1.1,1.3,0.859,0.5,1.8,2.3,1.5,0.7,0.2,0.6,1.5,10.3,1702,12.3,0.584,0.611,0.157,2.2,7.8,5.0,8.8,1.4,0.5,6.5,15.9,2.4,0.7,3.1,0.087,0.0,-0.9,-0.8,0.5
2020,Tony Snell,SF,28,DET,59,57,27.8,2.9,6.5,0.445,1.7,4.3,0.402,1.2,2.2,0.531,0.579,0.5,0.5,1.0,0.2,1.7,1.9,2.2,0.5,0.3,0.5,1.7,8.0,1641,9.7,0.598,0.665,0.084,0.6,7.1,3.8,10.9,1.0,0.8,7.3,11.4,2.1,0.5,2.6,0.076,-1.2,-0.6,-1.8,0.1
2020,Bruce Brown,PG,23,DET,58,43,28.2,3.4,7.7,0.443,0.6,1.7,0.344,2.8,6.1,0.47,0.48,1.5,2.1,0.739,1.1,3.7,4.7,4.0,1.1,0.5,1.7,2.8,8.9,1634,11.9,0.518,0.215,0.266,4.2,15.0,9.5,20.4,1.9,1.5,16.7,16.0,0.7,1.4,2.1,0.062,-2.0,0.8,-1.2,0.3
2020,Svi Mykhailiuk,SF,22,DET,56,27,22.6,3.0,7.2,0.41,2.1,5.1,0.404,0.9,2.1,0.425,0.552,1.0,1.3,0.814,0.3,1.6,1.9,1.9,0.7,0.1,1.1,1.6,9.0,1265,11.2,0.578,0.704,0.173,1.5,7.9,4.7,12.3,1.6,0.3,12.3,17.1,1.0,0.6,1.6,0.06,-0.7,-1.2,-1.9,0.0
2020,Marquese Chriss,PF,22,GSW,59,21,20.3,3.6,6.5,0.545,0.1,0.7,0.205,3.4,5.9,0.584,0.556,2.0,2.6,0.769,1.9,4.3,6.2,1.9,0.7,1.1,1.3,2.1,9.3,1196,19.5,0.604,0.101,0.405,10.0,23.6,16.5,15.3,1.6,4.7,14.7,19.0,2.1,1.3,3.4,0.136,0.0,0.6,0.6,0.8
2020,Omari Spellman,C,22,GSW,49,3,18.1,2.6,6.0,0.431,0.9,2.2,0.391,1.7,3.8,0.454,0.503,1.5,1.9,0.793,1.6,2.9,4.5,1.0,0.7,0.5,1.1,1.3,7.6,886,14.4,0.551,0.373,0.312,9.1,18.0,13.4,8.1,1.8,2.4,13.9,18.8,0.5,0.7,1.2,0.066,-0.8,-1.0,-1.7,0.1
2020,Eric Paschall,PF,23,GSW,60,26,27.6,5.3,10.7,0.497,0.6,2.2,0.287,4.7,8.5,0.55,0.526,2.7,3.5,0.774,1.4,3.2,4.6,2.1,0.5,0.2,1.6,2.1,14.0,1654,14.5,0.571,0.202,0.331,5.2,13.1,9.0,12.7,0.9,0.7,11.4,21.4,1.6,0.5,2.1,0.062,-0.7,-2.0,-2.7,-0.3
2020,Damion Lee,SG,27,GSW,49,36,29.0,4.3,10.4,0.417,1.7,4.9,0.356,2.6,5.6,0.471,0.5,2.2,2.6,0.873,0.7,4.2,4.9,2.7,1.0,0.1,1.4,2.4,12.7,1423,12.7,0.548,0.468,0.247,2.4,16.3,9.1,14.4,1.7,0.4,10.6,19.0,0.9,0.8,1.7,0.058,-1.5,-0.8,-2.3,-0.1
2020,Dragan Bender,PF,22,GSW,16,3,17.9,2.6,5.8,0.446,0.9,2.7,0.349,1.6,3.1,0.531,0.527,0.6,0.9,0.714,1.0,3.6,4.6,1.8,0.3,0.6,1.3,2.6,6.7,286,10.9,0.545,0.467,0.152,5.9,21.1,13.5,14.4,0.7,2.8,17.6,17.7,0.0,0.3,0.3,0.052,-3.0,0.1,-3.0,-0.1
2020,Andrew Wiggins,SF,24,GSW,54,54,34.4,8.1,18.1,0.447,2.1,6.2,0.332,6.0,11.9,0.506,0.504,3.5,5.0,0.709,1.2,3.9,5.1,3.7,0.8,1.0,2.4,2.4,21.8,1858,16.4,0.536,0.342,0.274,3.6,12.3,7.8,18.1,1.1,2.4,10.7,27.4,0.8,1.1,1.9,0.05,1.1,-1.4,-0.3,0.8
2020,Draymond Green,PF,29,GSW,43,43,28.4,2.9,7.3,0.389,0.8,3.0,0.279,2.0,4.3,0.465,0.446,1.5,1.9,0.759,0.5,5.7,6.2,6.2,1.4,0.8,2.3,2.6,8.0,1222,12.5,0.489,0.408,0.263,2.0,22.3,11.8,31.2,2.3,2.4,21.8,15.7,-0.2,1.3,1.1,0.044,-2.1,1.9,-0.2,0.6
2020,Kent Bazemore,SF,30,GSW,68,21,24.8,2.9,7.9,0.375,1.2,3.6,0.344,1.7,4.3,0.4,0.453,1.7,2.2,0.769,0.4,3.9,4.3,1.4,1.1,0.6,1.3,2.9,8.8,1688,9.3,0.499,0.457,0.275,1.7,17.1,9.4,7.4,2.1,2.1,13.2,17.5,-0.9,1.5,0.6,0.017,-3.4,0.3,-3.1,-0.5
2020,Kevon Looney,C,23,GSW,20,4,13.1,1.5,4.0,0.367,0.1,0.7,0.071,1.4,3.3,0.431,0.373,0.5,0.6,0.75,1.4,1.9,3.3,1.0,0.6,0.3,0.6,1.7,3.4,262,9.4,0.403,0.177,0.152,11.2,16.3,13.6,11.1,2.2,2.1,12.5,15.7,-0.2,0.2,0.0,0.006,-4.8,-0.8,-5.6,-0.2
2020,James Harden,SG,30,HOU,68,68,36.5,9.9,22.3,0.444,4.4,12.4,0.355,5.5,9.9,0.556,0.543,10.2,11.8,0.865,1.0,5.5,6.6,7.5,1.8,0.9,4.5,3.3,34.3,2483,29.1,0.626,0.557,0.528,2.9,16.0,9.4,35.9,2.3,2.1,14.2,36.3,9.9,3.2,13.1,0.254,8.1,1.6,9.6,7.3
2020,Isaiah Hartenstein,C,21,HOU,23,2,11.6,1.9,2.9,0.657,0.0,0.2,0.0,1.9,2.7,0.71,0.657,0.8,1.2,0.679,1.3,2.7,3.9,0.8,0.4,0.5,0.7,1.8,4.7,266,18.6,0.674,0.075,0.418,11.3,24.3,17.7,10.0,1.6,3.9,16.8,14.8,0.7,0.4,1.1,0.19,-1.0,1.3,0.3,0.2
2020,Clint Capela,C,25,HOU,39,39,32.8,6.3,9.9,0.629,0.0,0.0,0.0,6.3,9.9,0.629,0.629,1.4,2.7,0.529,4.3,9.5,13.8,1.2,0.8,1.8,1.6,2.6,13.9,1279,20.6,0.626,0.0,0.268,13.6,30.5,22.0,5.7,1.2,4.8,12.7,16.1,2.8,2.1,4.9,0.184,1.0,0.4,1.4,1.1
2020,Ben McLemore,SF,26,HOU,71,23,22.8,3.4,7.7,0.444,2.5,6.4,0.4,0.9,1.3,0.656,0.61,0.7,0.9,0.746,0.3,1.9,2.2,0.8,0.6,0.2,0.7,2.2,10.1,1619,11.8,0.622,0.829,0.123,1.3,8.9,5.1,5.2,1.3,0.8,8.0,16.0,2.2,1.1,3.3,0.099,0.0,-0.6,-0.5,0.6
2020,Russell Westbrook,PG,31,HOU,57,57,35.9,10.6,22.5,0.472,1.0,3.7,0.258,9.6,18.7,0.514,0.493,5.1,6.7,0.763,1.8,6.2,7.9,7.0,1.6,0.4,4.5,3.5,27.2,2049,21.0,0.536,0.166,0.297,5.1,18.1,11.5,35.6,2.1,0.8,15.0,34.4,1.7,2.5,4.2,0.098,1.6,-0.1,1.5,1.8
2020,Danuel House,SF,26,HOU,63,52,30.4,3.7,8.6,0.427,2.0,5.6,0.363,1.6,2.9,0.549,0.546,1.2,1.4,0.811,0.9,3.3,4.2,1.3,1.1,0.5,0.9,2.1,10.5,1913,11.3,0.572,0.659,0.167,3.1,11.6,7.3,6.1,1.6,1.5,8.5,13.7,1.9,1.8,3.6,0.091,-0.8,0.0,-0.7,0.6
2020,P.J. Tucker,PF,34,HOU,72,72,34.3,2.5,5.9,0.415,1.5,4.2,0.358,1.0,1.8,0.551,0.541,0.5,0.7,0.813,1.6,5.1,6.6,1.6,1.1,0.5,1.0,3.2,6.9,2467,8.3,0.559,0.702,0.113,4.7,15.6,10.1,6.0,1.4,1.2,13.9,8.7,1.6,2.4,4.0,0.078,-2.4,0.6,-1.9,0.1
2020,Austin Rivers,SG,27,HOU,68,4,23.4,3.1,7.4,0.421,1.4,4.0,0.356,1.7,3.4,0.498,0.517,1.1,1.6,0.703,0.4,2.2,2.6,1.7,0.7,0.1,0.7,1.9,8.8,1594,10.4,0.542,0.539,0.222,1.8,9.8,5.8,10.0,1.4,0.5,8.3,15.6,1.2,1.2,2.4,0.072,-2.1,-0.4,-2.5,-0.2
2020,Thabo Sefolosha,PF,35,HOU,41,0,10.6,0.9,2.2,0.407,0.4,1.3,0.278,0.5,0.9,0.595,0.489,0.1,0.2,0.375,0.5,1.8,2.3,0.6,0.6,0.3,0.4,1.0,2.2,436,9.4,0.487,0.593,0.088,5.0,17.5,11.2,7.5,2.5,2.4,13.7,10.4,0.0,0.6,0.7,0.072,-2.9,1.6,-1.2,0.1
2020,Domantas Sabonis,PF,23,IND,62,62,34.8,7.4,13.7,0.54,0.3,1.1,0.254,7.1,12.6,0.565,0.55,3.5,4.8,0.723,3.0,9.4,12.4,5.0,0.8,0.5,2.7,3.1,18.5,2159,20.7,0.586,0.079,0.349,9.7,29.3,19.6,21.7,1.1,1.2,14.8,23.3,4.1,3.4,7.5,0.168,2.0,1.2,3.2,2.9
2020,T.J. Warren,SF,26,IND,67,67,32.9,8.0,14.9,0.536,1.4,3.4,0.403,6.6,11.5,0.575,0.581,2.5,3.0,0.819,1.0,3.2,4.2,1.5,1.2,0.5,1.3,2.8,19.8,2202,18.4,0.61,0.227,0.205,3.4,10.5,7.0,7.1,1.7,1.4,7.2,23.3,4.0,2.6,6.5,0.143,1.2,0.0,1.1,1.7
2020,JaKarr Sampson,PF,26,IND,34,12,13.9,2.0,3.4,0.591,0.1,0.4,0.154,1.9,3.0,0.647,0.6,0.5,0.8,0.667,0.6,2.0,2.6,0.6,0.5,0.4,0.4,1.9,4.6,471,12.6,0.615,0.113,0.235,4.7,15.7,10.2,6.1,1.6,2.2,10.6,13.2,0.6,0.7,1.2,0.124,-2.8,1.4,-1.4,0.1
2020,T.J. McConnell,PG,27,IND,71,3,18.7,3.0,5.8,0.516,0.1,0.2,0.294,2.9,5.5,0.525,0.522,0.5,0.6,0.833,0.5,2.1,2.7,5.0,0.8,0.2,1.4,1.0,6.5,1326,16.5,0.54,0.041,0.102,3.2,12.4,7.8,37.6,2.0,0.7,18.9,17.5,1.7,1.7,3.3,0.121,0.1,0.4,0.5,0.8
2020,Doug McDermott,PF,28,IND,69,0,19.9,3.9,7.9,0.488,1.9,4.3,0.435,2.0,3.7,0.549,0.605,0.7,0.8,0.828,0.4,2.1,2.5,1.1,0.2,0.1,0.6,1.7,10.3,1372,14.4,0.62,0.537,0.106,2.1,11.7,7.0,8.4,0.4,0.3,6.8,19.6,2.3,1.1,3.3,0.117,1.4,-1.3,0.0,0.7
2020,Malcolm Brogdon,PG,27,IND,54,54,30.9,6.0,13.8,0.438,1.4,4.3,0.326,4.6,9.5,0.488,0.489,3.1,3.4,0.892,0.9,4.0,4.9,7.1,0.6,0.2,2.4,1.8,16.5,1666,17.7,0.541,0.309,0.25,3.1,14.1,8.6,33.8,1.0,0.5,13.7,25.2,2.3,1.7,4.0,0.114,2.3,-0.5,1.8,1.6
2020,Justin Holiday,SF,30,IND,73,6,25.0,2.8,6.7,0.428,1.8,4.5,0.405,1.0,2.1,0.477,0.566,0.7,0.9,0.791,0.4,2.8,3.3,1.3,1.2,0.6,0.6,1.9,8.3,1826,12.1,0.585,0.681,0.138,1.9,12.2,7.1,6.7,2.3,2.2,7.9,13.4,1.6,2.6,4.2,0.112,-0.5,1.8,1.3,1.5
2020,Myles Turner,C,23,IND,62,62,29.5,4.3,9.5,0.457,1.4,4.0,0.344,2.9,5.4,0.54,0.53,2.0,2.7,0.751,1.4,5.2,6.6,1.2,0.7,2.1,1.4,2.7,12.1,1826,14.8,0.566,0.426,0.288,5.2,19.1,12.2,5.4,1.2,6.4,11.4,17.9,1.1,3.1,4.2,0.111,-1.0,1.1,0.1,1.0
2020,Jeremy Lamb,SG,27,IND,46,42,28.1,4.7,10.4,0.451,1.2,3.4,0.335,3.5,7.0,0.508,0.506,2.0,2.4,0.836,0.5,3.8,4.3,2.1,1.2,0.5,1.1,2.3,12.5,1291,14.0,0.547,0.33,0.23,2.1,14.8,8.5,10.5,2.1,1.5,8.7,19.6,0.9,1.8,2.7,0.099,-1.1,0.8,-0.4,0.5
2020,Ivica Zubac,C,22,LAC,72,70,18.4,3.3,5.3,0.613,0.0,0.0,0.0,3.3,5.3,0.616,0.613,1.7,2.3,0.747,2.7,4.8,7.5,1.1,0.2,0.9,0.8,2.3,8.3,1326,21.7,0.651,0.005,0.431,15.9,26.4,21.3,9.1,0.6,4.4,11.8,16.4,4.4,2.3,6.6,0.241,1.9,0.8,2.8,1.6
2020,Kawhi Leonard,SF,28,LAC,57,57,32.4,9.3,19.9,0.47,2.2,5.7,0.378,7.2,14.2,0.506,0.524,6.2,7.1,0.886,0.9,6.1,7.1,4.9,1.8,0.6,2.6,2.0,27.1,1848,26.9,0.589,0.287,0.355,3.1,19.1,11.3,26.4,2.6,1.6,10.2,33.0,5.4,3.3,8.7,0.226,6.5,2.4,8.9,5.1
2020,Montrezl Harrell,C,26,LAC,63,2,27.8,7.5,12.9,0.58,0.0,0.3,0.0,7.5,12.6,0.593,0.58,3.7,5.6,0.658,2.6,4.5,7.1,1.7,0.6,1.1,1.7,2.3,18.6,1749,23.2,0.607,0.022,0.432,9.9,16.3,13.2,10.3,1.1,3.6,10.1,25.7,4.4,2.5,7.0,0.191,2.5,0.5,2.9,2.2
2020,Paul George,SF,29,LAC,48,48,29.6,7.1,16.3,0.439,3.3,7.9,0.412,3.9,8.4,0.464,0.539,4.0,4.5,0.876,0.5,5.2,5.7,3.9,1.4,0.4,2.6,2.4,21.5,1419,21.1,0.589,0.487,0.277,1.8,17.7,10.0,21.1,2.3,1.2,12.5,29.6,2.5,2.3,4.8,0.161,3.8,1.1,4.9,2.5
2020,Patrick Beverley,PG,31,LAC,51,50,26.3,2.9,6.7,0.431,1.6,4.0,0.388,1.3,2.6,0.496,0.548,0.6,0.9,0.66,1.1,4.1,5.2,3.6,1.1,0.5,1.3,3.1,7.9,1342,12.5,0.56,0.604,0.138,4.5,15.8,10.3,18.2,1.9,1.6,15.4,13.3,1.6,2.0,3.6,0.128,-0.3,2.5,2.2,1.4
2020,Patrick Patterson,PF,30,LAC,59,18,13.2,1.6,3.9,0.408,1.1,2.9,0.39,0.5,1.0,0.459,0.552,0.6,0.7,0.814,0.6,2.0,2.6,0.7,0.1,0.1,0.4,0.9,4.9,776,11.5,0.58,0.738,0.185,4.8,15.1,10.1,7.2,0.4,0.3,7.7,14.7,1.1,0.8,1.9,0.118,0.8,-0.5,0.3,0.5
2020,JaMychal Green,PF,29,LAC,63,1,20.7,2.4,5.6,0.429,1.5,3.8,0.387,0.9,1.8,0.518,0.56,0.6,0.8,0.75,1.2,4.9,6.2,0.8,0.5,0.4,0.9,2.8,6.8,1307,11.1,0.576,0.676,0.136,6.3,24.1,15.4,5.0,1.0,1.6,12.6,13.7,1.1,2.0,3.1,0.115,-1.2,0.7,-0.5,0.5
2020,Lou Williams,PG,33,LAC,65,8,28.7,6.0,14.4,0.418,1.7,4.8,0.352,4.3,9.6,0.451,0.477,4.5,5.2,0.861,0.5,2.6,3.1,5.6,0.7,0.2,2.8,1.2,18.2,1864,17.3,0.546,0.337,0.362,1.8,9.2,5.6,30.1,1.1,0.6,14.4,28.4,2.3,1.8,4.1,0.105,2.2,-1.4,0.8,1.3
2020,Marcus Morris,SF,30,LAC,62,62,31.2,5.7,13.1,0.438,2.3,5.6,0.408,3.4,7.5,0.461,0.526,2.9,3.5,0.823,1.0,4.1,5.0,1.4,0.8,0.5,1.6,2.9,16.7,1936,14.3,0.57,0.43,0.272,3.2,14.0,8.5,6.8,1.2,1.4,9.7,21.9,2.1,1.5,3.6,0.088,0.6,-0.7,-0.1,0.9
2020,Anthony Davis,PF,26,LAL,62,62,34.4,8.9,17.7,0.503,1.2,3.5,0.33,7.7,14.2,0.546,0.536,7.2,8.5,0.846,2.3,7.0,9.3,3.2,1.5,2.3,2.5,2.5,26.1,2131,27.4,0.61,0.199,0.479,7.4,22.1,14.8,15.1,2.0,6.0,10.4,29.3,6.7,4.4,11.1,0.25,5.4,2.6,8.0,5.4
2020,LeBron James,PG,35,LAL,67,67,34.6,9.6,19.4,0.493,2.2,6.3,0.348,7.4,13.1,0.564,0.55,3.9,5.7,0.693,1.0,6.9,7.8,10.2,1.2,0.5,3.9,1.8,25.3,2316,25.5,0.577,0.326,0.292,3.2,21.5,12.4,49.1,1.6,1.4,15.1,31.5,6.2,3.6,9.8,0.204,6.6,1.8,8.4,6.1
2020,JaVale McGee,C,32,LAL,68,68,16.6,2.9,4.5,0.637,0.0,0.1,0.5,2.8,4.4,0.64,0.642,0.8,1.2,0.646,1.8,3.9,5.7,0.5,0.5,1.4,0.8,2.3,6.6,1130,19.4,0.652,0.02,0.268,12.2,25.4,18.9,4.6,1.5,7.5,13.9,14.8,2.2,2.4,4.7,0.198,-0.6,2.1,1.5,1.0
2020,Dwight Howard,C,34,LAL,69,2,18.9,2.9,4.0,0.729,0.0,0.1,0.6,2.9,3.9,0.732,0.735,1.6,3.1,0.514,2.5,4.9,7.3,0.7,0.4,1.1,1.2,3.2,7.5,1306,18.7,0.696,0.018,0.773,14.6,27.8,21.2,4.8,1.1,5.4,18.5,14.7,2.8,2.6,5.4,0.197,-1.0,1.2,0.2,0.7
2020,Kentavious Caldwell-Pope,SG,26,LAL,69,26,25.5,3.4,7.3,0.467,1.3,3.5,0.385,2.1,3.9,0.541,0.558,1.1,1.5,0.775,0.6,1.5,2.1,1.6,0.8,0.2,0.9,1.9,9.3,1762,11.0,0.584,0.471,0.201,2.4,6.4,4.4,8.5,1.5,0.7,10.1,14.7,1.9,1.9,3.7,0.102,-1.2,0.4,-0.8,0.5
2020,Danny Green,SG,32,LAL,68,68,24.8,2.9,7.0,0.416,1.8,4.8,0.367,1.1,2.2,0.524,0.542,0.5,0.7,0.688,0.8,2.6,3.3,1.3,1.3,0.5,0.9,2.0,8.0,1687,10.8,0.552,0.69,0.101,3.3,11.2,7.3,7.1,2.4,1.7,11.3,13.9,0.8,2.5,3.4,0.096,-1.1,1.5,0.5,1.1
2020,Alex Caruso,PG,25,LAL,64,2,18.4,1.9,4.5,0.412,0.6,1.9,0.333,1.3,2.7,0.468,0.481,1.1,1.5,0.734,0.3,1.7,1.9,1.9,1.1,0.3,0.8,1.5,5.5,1175,10.8,0.525,0.412,0.323,1.6,9.8,5.7,13.6,2.8,1.4,13.8,13.8,0.5,1.8,2.3,0.095,-2.6,2.4,-0.2,0.5
2020,Rajon Rondo,PG,33,LAL,48,3,20.5,2.9,6.8,0.418,0.9,2.6,0.328,2.0,4.2,0.473,0.48,0.6,0.9,0.659,0.5,2.5,3.0,5.0,0.8,0.0,1.9,1.2,7.1,984,12.4,0.494,0.381,0.125,2.6,13.1,7.9,32.9,1.9,0.2,20.8,18.7,0.1,1.3,1.4,0.068,-1.2,-0.1,-1.3,0.2
2020,Kyle Kuzma,PF,24,LAL,61,9,25.0,4.8,11.0,0.436,1.4,4.5,0.316,3.4,6.5,0.518,0.5,1.9,2.5,0.735,0.9,3.6,4.5,1.3,0.5,0.4,1.5,2.1,12.8,1526,12.2,0.531,0.407,0.232,3.8,15.7,9.8,7.6,0.9,1.5,11.0,22.9,0.1,1.9,2.0,0.063,-1.6,-1.0,-2.6,-0.2
2020,Brandon Clarke,PF,23,MEM,58,4,22.4,5.1,8.3,0.618,0.4,1.1,0.359,4.7,7.2,0.658,0.642,1.5,1.9,0.759,1.6,4.4,5.9,1.4,0.6,0.8,0.9,1.7,12.1,1300,20.9,0.663,0.134,0.234,7.6,20.1,14.0,9.5,1.1,3.2,9.4,18.7,3.4,1.6,5.0,0.183,2.4,0.7,3.1,1.7
2020,Jonas Valan?iūnas,C,27,MEM,70,70,26.4,6.2,10.6,0.585,0.5,1.3,0.352,5.7,9.3,0.617,0.606,2.1,2.9,0.74,3.0,8.2,11.3,1.9,0.4,1.1,1.8,2.6,14.9,1845,22.2,0.631,0.123,0.271,12.4,32.2,22.5,10.9,0.8,3.6,13.3,21.5,4.2,2.8,7.0,0.182,2.1,0.2,2.4,2.0
2020,Gorgui Dieng,C,30,MEM,63,17,17.4,2.6,5.8,0.456,0.9,2.4,0.355,1.8,3.4,0.528,0.53,1.2,1.6,0.772,1.4,4.2,5.6,1.2,0.8,0.9,1.0,2.0,7.4,1096,17.1,0.568,0.418,0.277,8.5,25.8,17.0,9.7,2.2,4.5,12.8,17.6,1.3,1.7,2.9,0.129,-0.2,1.8,1.5,1.0
2020,Tyus Jones,PG,23,MEM,65,6,19.0,3.0,6.6,0.459,0.7,1.9,0.379,2.3,4.7,0.492,0.514,0.7,0.9,0.741,0.1,1.4,1.6,4.4,0.9,0.1,0.8,0.7,7.4,1232,15.7,0.532,0.289,0.135,0.8,7.9,4.4,32.0,2.2,0.4,10.8,17.2,1.9,1.1,3.0,0.117,0.4,0.2,0.6,0.8
2020,Jaren Jackson Jr.,C,20,MEM,57,57,28.5,6.2,13.2,0.469,2.5,6.5,0.394,3.6,6.8,0.54,0.565,2.4,3.3,0.747,1.0,3.6,4.6,1.4,0.7,1.6,1.7,4.1,17.4,1622,16.3,0.593,0.489,0.247,3.6,13.2,8.5,7.2,1.2,5.0,10.6,24.0,1.6,1.8,3.5,0.103,0.3,0.1,0.4,1.0
2020,Kyle Anderson,SF,26,MEM,67,28,19.9,2.3,4.9,0.474,0.4,1.3,0.282,2.0,3.7,0.541,0.511,0.8,1.2,0.667,0.9,3.4,4.3,2.4,0.8,0.6,1.0,1.7,5.8,1330,12.5,0.534,0.257,0.236,4.7,17.6,11.3,15.9,1.9,2.4,15.3,13.5,0.9,1.7,2.5,0.091,-1.5,2.0,0.5,0.9
2020,Ja Morant,PG,20,MEM,67,67,31.0,6.7,14.0,0.477,0.9,2.7,0.335,5.8,11.3,0.511,0.509,3.6,4.6,0.776,0.8,3.1,3.9,7.3,0.9,0.3,3.3,1.6,17.8,2074,17.4,0.556,0.191,0.329,2.6,10.4,6.6,35.2,1.3,0.8,17.0,25.9,2.3,1.5,3.8,0.088,1.5,-1.2,0.3,1.2
2020,Grayson Allen,SG,24,MEM,38,0,18.9,3.1,6.6,0.466,1.5,3.7,0.404,1.6,2.9,0.545,0.58,1.0,1.2,0.867,0.2,2.0,2.2,1.4,0.3,0.1,0.9,1.4,8.7,718,12.0,0.609,0.562,0.179,1.2,11.1,6.2,10.0,0.7,0.2,10.9,17.6,0.8,0.4,1.2,0.082,-0.1,-1.2,-1.3,0.1
2020,De'Anthony Melton,PG,21,MEM,60,8,19.5,2.7,6.7,0.401,0.7,2.3,0.286,2.0,4.4,0.464,0.451,1.6,2.0,0.769,0.7,3.0,3.7,2.9,1.3,0.3,1.4,1.8,7.6,1167,13.5,0.501,0.349,0.302,4.0,15.7,9.9,20.1,3.1,1.5,15.6,19.2,0.1,1.7,1.7,0.072,-2.2,2.0,-0.2,0.5
2020,Jimmy Butler,SF,30,MIA,58,58,33.8,5.9,13.1,0.455,0.5,2.1,0.244,5.4,11.0,0.495,0.474,7.6,9.1,0.834,1.8,4.8,6.7,6.0,1.8,0.6,2.2,1.4,19.9,1959,23.6,0.585,0.157,0.693,6.3,15.4,11.0,28.1,2.6,1.6,11.4,25.1,6.3,2.7,9.0,0.221,4.0,1.5,5.4,3.7
2020,Bam Adebayo,PF,22,MIA,72,72,33.6,6.1,11.0,0.557,0.0,0.2,0.143,6.1,10.8,0.564,0.558,3.7,5.3,0.691,2.4,7.8,10.2,5.1,1.1,1.3,2.8,2.5,15.9,2417,20.3,0.598,0.018,0.484,8.5,24.9,17.0,24.2,1.7,3.8,17.6,21.2,4.6,3.9,8.5,0.168,1.4,2.0,3.4,3.3
2020,Derrick Jones Jr.,SF,22,MIA,59,16,23.3,3.1,5.9,0.527,0.6,2.2,0.28,2.5,3.7,0.677,0.58,1.6,2.1,0.772,1.1,2.8,3.9,1.1,1.0,0.6,0.5,2.2,8.5,1375,14.9,0.62,0.378,0.352,5.6,13.1,9.5,6.7,2.1,2.7,6.9,13.9,2.6,1.8,4.4,0.153,-0.3,1.1,0.7,1.0
2020,Kelly Olynyk,C,28,MIA,67,9,19.4,2.7,5.9,0.462,1.4,3.5,0.406,1.3,2.4,0.543,0.582,1.3,1.5,0.86,0.7,3.9,4.6,1.7,0.7,0.3,1.1,2.6,8.2,1300,14.6,0.621,0.588,0.251,3.9,21.6,13.1,13.3,1.7,1.8,13.8,17.4,1.9,1.8,3.7,0.135,0.0,1.0,1.0,1.0
2020,Duncan Robinson,SG,25,MIA,73,68,29.7,4.4,9.4,0.47,3.7,8.3,0.446,0.7,1.1,0.654,0.667,0.9,1.0,0.931,0.1,3.0,3.2,1.4,0.5,0.3,1.0,2.6,13.5,2166,13.1,0.684,0.882,0.105,0.5,11.0,6.0,7.1,0.8,0.9,8.9,16.0,3.7,1.6,5.3,0.118,1.5,-1.0,0.5,1.3
2020,Goran Dragi?,PG,33,MIA,59,3,28.2,5.4,12.3,0.441,2.1,5.7,0.367,3.3,6.5,0.505,0.526,3.2,4.2,0.776,0.5,2.7,3.2,5.1,0.7,0.2,2.4,2.1,16.2,1663,16.3,0.573,0.467,0.34,2.0,10.2,6.3,29.2,1.2,0.6,14.8,25.9,2.2,1.3,3.5,0.102,1.4,-1.6,-0.1,0.8
2020,Meyers Leonard,C,27,MIA,51,49,20.3,2.3,4.6,0.509,1.0,2.5,0.414,1.3,2.1,0.623,0.622,0.4,0.5,0.643,0.6,4.5,5.1,1.1,0.3,0.3,0.8,2.1,6.1,1034,10.6,0.627,0.547,0.12,3.4,24.0,14.1,7.6,0.7,1.4,13.7,12.2,0.9,1.2,2.1,0.096,-1.3,0.4,-0.9,0.3
2020,Maurice Harkless,PF,26,MIA,62,48,23.0,2.3,4.6,0.502,0.5,1.6,0.347,1.7,3.0,0.584,0.562,0.6,1.1,0.591,0.9,3.0,3.9,1.1,0.9,0.5,0.9,2.4,5.8,1427,9.8,0.572,0.346,0.233,4.1,13.3,8.8,6.4,1.9,2.1,14.5,10.7,0.8,1.9,2.7,0.09,-2.6,1.9,-0.7,0.5
2020,Andre Iguodala,SF,36,MIA,21,0,19.9,1.8,4.2,0.432,0.7,2.2,0.298,1.1,2.0,0.585,0.511,0.3,0.7,0.4,0.8,2.9,3.7,2.4,0.7,1.0,1.2,1.7,4.6,418,10.5,0.507,0.534,0.17,4.7,15.7,10.4,16.9,1.6,5.0,21.6,12.7,0.0,0.6,0.6,0.065,-1.9,1.4,-0.5,0.2
2020,Giannis Antetokounmpo,PF,25,MIL,63,63,30.4,10.9,19.7,0.553,1.4,4.7,0.304,9.5,15.0,0.631,0.589,6.3,10.0,0.633,2.2,11.4,13.6,5.6,1.0,1.0,3.7,3.1,29.5,1917,31.9,0.613,0.237,0.508,7.7,34.8,22.1,34.2,1.5,3.0,13.2,37.5,6.1,5.0,11.1,0.279,7.4,4.1,11.5,6.6
2020,George Hill,PG,33,MIL,59,2,21.5,3.3,6.4,0.516,1.4,3.0,0.46,1.9,3.4,0.565,0.624,1.4,1.7,0.842,0.8,2.2,3.0,3.1,0.8,0.1,1.0,1.4,9.4,1271,16.9,0.659,0.468,0.269,4.1,9.3,6.9,19.0,1.7,0.3,11.9,15.5,3.5,2.1,5.5,0.21,1.6,1.3,2.9,1.6
2020,Khris Middleton,SF,28,MIL,62,59,29.9,7.6,15.3,0.497,2.4,5.7,0.415,5.2,9.6,0.546,0.575,3.4,3.7,0.916,0.7,5.5,6.2,4.3,0.9,0.1,2.2,2.3,20.9,1853,21.1,0.619,0.374,0.24,2.5,17.0,10.2,22.2,1.3,0.3,11.6,26.4,4.6,3.3,7.9,0.205,3.4,0.7,4.1,2.9
2020,Ersan İlyasova,PF,32,MIL,63,8,15.7,2.3,5.0,0.466,0.8,2.2,0.365,1.5,2.8,0.545,0.546,1.1,1.4,0.828,1.0,3.8,4.8,0.8,0.4,0.3,0.5,1.5,6.6,986,14.9,0.589,0.438,0.278,6.6,22.7,15.1,6.6,1.1,1.5,8.8,16.1,1.6,2.0,3.6,0.174,-0.3,0.8,0.4,0.6
2020,Eric Bledsoe,PG,30,MIL,61,61,27.0,5.5,11.5,0.475,1.2,3.5,0.344,4.3,8.0,0.533,0.528,2.8,3.5,0.79,0.7,3.9,4.6,5.4,0.9,0.4,2.4,2.1,14.9,1646,17.6,0.571,0.306,0.304,2.8,13.5,8.5,28.7,1.6,1.4,15.7,23.7,2.4,3.0,5.4,0.157,0.8,1.1,1.8,1.6
2020,Brook Lopez,C,31,MIL,68,67,26.7,4.3,9.9,0.435,1.5,4.8,0.314,2.8,5.1,0.549,0.511,1.9,2.2,0.836,0.9,3.7,4.6,1.5,0.7,2.4,1.0,2.4,12.0,1817,15.0,0.551,0.484,0.227,3.4,13.0,8.5,7.4,1.2,7.9,8.7,18.3,1.4,4.1,5.5,0.145,-0.4,2.5,2.0,1.9
2020,Donte DiVincenzo,SG,23,MIL,66,24,23.0,3.5,7.7,0.455,1.3,3.7,0.336,2.3,4.0,0.567,0.536,1.0,1.3,0.733,1.0,3.8,4.8,2.3,1.3,0.3,1.4,1.7,9.2,1520,14.1,0.557,0.484,0.169,4.6,15.5,10.3,13.6,2.6,1.2,14.1,17.3,1.0,3.2,4.3,0.135,-1.1,2.4,1.3,1.3
2020,Pat Connaughton,SG,27,MIL,67,4,18.6,2.0,4.5,0.455,0.8,2.5,0.331,1.2,2.0,0.607,0.547,0.5,0.6,0.775,0.9,3.3,4.2,1.6,0.4,0.5,0.8,1.0,5.4,1243,11.5,0.565,0.551,0.133,5.1,16.8,11.3,10.9,0.9,2.2,14.0,12.3,1.1,2.3,3.4,0.13,-0.9,1.5,0.6,0.8
2020,Kyle Korver,SF,38,MIL,58,1,16.6,2.2,5.1,0.43,1.7,4.1,0.418,0.5,1.0,0.482,0.599,0.6,0.7,0.854,0.3,1.8,2.1,1.2,0.4,0.2,0.8,1.3,6.7,960,11.3,0.62,0.809,0.14,1.6,10.4,6.3,9.2,1.2,1.1,13.4,15.4,0.9,1.5,2.5,0.124,-0.6,0.7,0.1,0.5
2020,Karl-Anthony Towns,C,24,MIN,35,35,33.9,9.0,17.8,0.508,3.3,7.9,0.412,5.8,9.9,0.586,0.6,5.1,6.5,0.796,2.7,8.1,10.8,4.4,0.9,1.2,3.1,3.3,26.5,1187,26.5,0.642,0.445,0.363,8.1,26.1,16.8,22.8,1.3,2.9,13.2,28.8,3.7,1.3,5.1,0.204,7.0,0.8,7.8,2.9
2020,Jordan McLaughlin,PG,23,MIN,30,2,19.7,2.9,5.9,0.489,1.0,2.5,0.382,1.9,3.4,0.569,0.57,0.9,1.3,0.667,0.2,1.4,1.6,4.2,1.1,0.1,1.0,1.0,7.6,590,16.3,0.587,0.427,0.219,1.2,7.8,4.4,31.0,2.7,0.6,13.7,15.8,1.1,0.4,1.6,0.13,0.3,0.0,0.3,0.3
2020,Naz Reid,C,20,MIN,30,11,16.5,3.3,8.1,0.412,1.1,3.2,0.33,2.3,4.9,0.466,0.477,1.2,1.8,0.698,1.1,3.0,4.1,1.2,0.6,0.7,0.7,2.8,9.0,495,15.3,0.505,0.399,0.218,7.0,19.9,13.2,11.2,1.8,3.7,7.6,24.0,0.2,0.6,0.8,0.074,-1.6,-0.3,-1.9,0.0
2020,Josh Okogie,SG,21,MIN,62,28,25.0,2.7,6.4,0.427,0.7,2.5,0.266,2.1,3.9,0.529,0.479,2.5,3.1,0.796,1.4,2.9,4.3,1.6,1.1,0.4,1.4,2.2,8.6,1547,11.5,0.553,0.387,0.48,5.7,12.8,9.1,8.9,2.0,1.4,15.3,15.1,0.9,1.2,2.2,0.068,-2.4,0.0,-2.4,-0.2
2020,D'Angelo Russell,PG,23,MIN,45,45,32.3,8.0,18.8,0.426,3.5,9.6,0.367,4.5,9.2,0.487,0.519,3.6,4.4,0.809,0.4,3.6,3.9,6.3,1.1,0.3,3.3,1.9,23.1,1452,18.7,0.556,0.509,0.235,1.2,12.3,6.6,35.2,1.6,0.8,13.6,31.5,1.1,0.7,1.8,0.06,3.8,-1.9,1.9,1.4
2020,Shabazz Napier,PG,28,MIN,56,32,24.0,3.4,8.1,0.412,1.4,4.3,0.317,2.0,3.9,0.519,0.496,2.3,2.7,0.824,0.5,2.4,2.8,4.7,1.2,0.2,2.3,1.8,10.3,1344,13.8,0.552,0.526,0.336,2.0,10.9,6.3,27.8,2.4,0.7,19.7,20.0,0.8,0.9,1.7,0.059,-0.7,-0.4,-1.1,0.3
2020,Juan Hernangómez,PF,24,MIN,48,14,17.4,2.1,5.1,0.405,0.9,2.7,0.341,1.2,2.5,0.475,0.494,0.9,1.5,0.62,0.9,3.2,4.1,0.8,0.4,0.2,0.7,1.3,6.0,833,10.4,0.518,0.522,0.287,5.6,20.5,12.8,6.6,1.1,1.0,10.3,15.7,0.2,0.7,0.9,0.052,-2.2,-1.1,-3.4,-0.3
2020,Jaylen Nowell,SG,20,MIN,15,0,10.1,1.3,3.5,0.358,0.2,1.7,0.115,1.1,1.8,0.593,0.387,1.1,1.1,0.941,0.2,0.7,0.9,1.3,0.2,0.1,0.2,0.7,3.8,151,10.5,0.471,0.491,0.321,2.0,7.3,4.5,17.8,0.9,0.6,4.7,17.3,0.1,0.0,0.2,0.051,-2.9,-0.8,-3.8,-0.1
2020,Malik Beasley,SG,23,MIN,55,14,22.0,4.1,9.7,0.425,1.9,5.0,0.388,2.2,4.7,0.465,0.525,1.0,1.2,0.818,0.3,2.4,2.7,1.4,0.7,0.1,1.0,1.4,11.2,1209,12.7,0.546,0.517,0.124,1.6,11.9,6.7,9.4,1.6,0.6,9.2,21.8,0.4,0.8,1.2,0.049,-0.7,-1.4,-2.1,0.0
2020,Jaxson Hayes,C,19,NOP,64,14,16.9,2.7,4.0,0.672,0.0,0.1,0.25,2.7,4.0,0.678,0.674,1.9,3.0,0.647,1.5,2.5,4.0,0.9,0.4,0.9,0.8,2.5,7.4,1080,17.6,0.689,0.015,0.734,9.5,16.0,12.7,7.2,1.1,4.3,13.4,15.0,2.8,1.1,3.9,0.171,-0.9,0.6,-0.3,0.5
2020,Derrick Favors,C,28,NOP,51,49,24.4,4.1,6.6,0.617,0.0,0.1,0.143,4.1,6.5,0.627,0.618,0.8,1.4,0.563,3.2,6.6,9.8,1.6,0.6,0.9,1.1,2.1,9.0,1243,18.5,0.62,0.021,0.209,13.9,28.9,21.4,9.2,1.1,3.1,12.9,14.0,2.6,1.6,4.2,0.162,0.7,0.3,1.0,0.9
2020,Zion Williamson,PF,19,NOP,24,24,27.8,8.8,15.0,0.583,0.3,0.6,0.429,8.5,14.4,0.59,0.592,4.8,7.4,0.64,2.7,3.6,6.3,2.1,0.7,0.4,2.5,1.8,22.5,668,24.1,0.616,0.039,0.494,10.1,13.7,11.9,13.3,1.1,1.1,11.9,30.5,1.5,0.4,2.0,0.141,3.5,-1.4,2.1,0.7
2020,Jahlil Okafor,C,24,NOP,30,9,15.6,3.4,5.4,0.623,0.0,0.1,0.333,3.3,5.3,0.629,0.627,1.3,2.1,0.645,1.6,2.6,4.2,1.2,0.2,0.7,1.3,2.2,8.1,467,18.3,0.642,0.019,0.383,10.9,18.0,14.4,12.0,0.7,3.9,16.7,19.9,0.9,0.4,1.3,0.133,-0.5,0.3,-0.2,0.2
2020,J.J. Redick,SG,35,NOP,60,36,26.4,4.8,10.5,0.453,3.0,6.6,0.453,1.8,3.9,0.453,0.596,2.8,3.1,0.892,0.2,2.4,2.5,2.0,0.3,0.2,1.3,1.6,15.3,1581,15.4,0.644,0.629,0.293,0.7,9.5,5.1,10.8,0.6,0.5,9.5,20.4,3.6,0.6,4.1,0.125,2.3,-1.7,0.7,1.1
2020,Brandon Ingram,PF,22,NOP,62,62,33.9,8.2,17.7,0.463,2.4,6.2,0.391,5.8,11.5,0.501,0.531,5.0,5.9,0.851,0.8,5.3,6.1,4.2,1.0,0.6,3.0,2.9,23.8,2104,18.8,0.587,0.35,0.336,2.6,16.6,9.6,19.3,1.3,1.5,13.1,28.1,3.3,1.8,5.1,0.115,2.5,-0.4,2.1,2.2
2020,Jrue Holiday,SG,29,NOP,61,61,34.7,7.5,16.5,0.455,2.0,5.7,0.353,5.5,10.8,0.509,0.516,2.1,3.0,0.709,1.3,3.5,4.8,6.7,1.6,0.8,3.0,2.4,19.1,2117,17.0,0.537,0.344,0.181,3.8,10.9,7.3,29.1,2.2,1.9,14.5,24.5,2.0,1.9,3.9,0.088,1.6,0.2,1.8,2.0
2020,Josh Hart,SF,24,NOP,65,16,27.0,3.5,8.2,0.423,1.9,5.4,0.342,1.6,2.7,0.584,0.537,1.3,1.8,0.739,0.9,5.6,6.5,1.7,1.0,0.4,1.2,2.5,10.1,1755,11.9,0.563,0.665,0.216,3.7,22.1,12.8,8.2,1.7,1.1,11.4,15.3,1.3,1.8,3.1,0.085,-1.1,0.4,-0.7,0.6
2020,Nicolò Melli,C,29,NOP,60,8,17.4,2.3,5.4,0.421,1.2,3.4,0.335,1.1,2.0,0.573,0.528,0.9,1.2,0.74,0.6,2.4,3.0,1.4,0.6,0.4,0.8,2.1,6.6,1042,11.4,0.556,0.638,0.226,3.9,14.5,9.2,10.5,1.5,1.8,11.5,15.7,0.9,0.9,1.8,0.082,-1.5,0.2,-1.3,0.2
2020,Mitchell Robinson,C,21,NYK,61,7,23.1,4.1,5.6,0.742,0.0,0.0,0.0,4.1,5.6,0.742,0.742,1.4,2.4,0.568,3.0,4.0,7.0,0.6,0.9,2.0,0.6,3.2,9.7,1412,23.5,0.726,0.0,0.434,13.7,18.8,16.2,3.9,1.8,8.0,8.3,13.3,4.8,2.0,6.8,0.23,1.6,1.4,2.9,1.8
2020,Taj Gibson,C,34,NYK,62,56,16.5,2.7,4.6,0.584,0.1,0.2,0.286,2.6,4.4,0.599,0.591,0.7,0.9,0.732,1.8,2.5,4.3,0.8,0.4,0.5,0.8,2.0,6.1,1025,16.1,0.61,0.049,0.196,11.2,16.7,13.9,7.6,1.3,2.8,13.1,14.8,1.8,0.8,2.6,0.12,-0.8,-0.3,-1.1,0.2
2020,Allonzo Trier,SG,24,NYK,24,1,12.1,2.1,4.4,0.481,0.8,2.2,0.358,1.3,2.2,0.604,0.571,1.4,1.8,0.791,0.3,1.0,1.2,1.2,0.1,0.2,0.9,1.2,6.5,291,14.5,0.62,0.5,0.406,2.1,8.7,5.3,14.8,0.5,1.3,15.0,21.4,0.5,0.1,0.5,0.087,0.9,-1.4,-0.5,0.1
2020,Elfrid Payton,PG,25,NYK,45,36,27.7,4.3,9.8,0.439,0.3,1.5,0.203,4.0,8.2,0.482,0.455,1.1,1.9,0.57,1.2,3.6,4.7,7.2,1.6,0.4,2.1,2.0,10.0,1246,16.0,0.47,0.157,0.195,4.3,14.1,9.1,38.6,2.7,1.3,16.7,19.5,0.5,1.2,1.7,0.065,-0.4,0.4,0.0,0.6
2020,Bobby Portis,PF,24,NYK,66,5,21.1,4.0,8.9,0.45,1.0,2.8,0.358,3.0,6.1,0.493,0.507,1.1,1.4,0.763,1.2,3.9,5.1,1.5,0.5,0.3,1.1,1.7,10.1,1393,14.6,0.53,0.317,0.158,6.0,20.4,12.9,11.1,1.1,1.2,10.4,21.4,0.9,1.0,1.9,0.064,0.0,-1.1,-1.1,0.3
2020,Julius Randle,PF,25,NYK,64,64,32.5,7.2,15.7,0.46,1.0,3.6,0.277,6.2,12.1,0.515,0.492,4.0,5.5,0.733,2.4,7.4,9.7,3.1,0.8,0.3,3.0,2.8,19.5,2080,17.5,0.538,0.23,0.35,7.5,24.9,16.0,15.8,1.2,1.0,14.3,27.6,0.9,1.8,2.7,0.062,0.7,-1.0,-0.3,0.9
2020,Damyean Dotson,SG,25,NYK,48,0,17.4,2.5,6.0,0.414,1.2,3.4,0.362,1.3,2.6,0.48,0.516,0.5,0.7,0.667,0.2,1.7,1.9,1.2,0.5,0.1,0.4,0.9,6.7,836,10.9,0.527,0.562,0.114,1.2,10.6,5.8,10.0,1.3,0.5,6.5,16.5,0.6,0.4,0.9,0.053,-0.9,-0.5,-1.5,0.1
2020,Frank Ntilikina,PG,21,NYK,57,26,20.8,2.3,5.8,0.393,0.8,2.4,0.321,1.5,3.4,0.444,0.459,0.9,1.0,0.864,0.4,1.7,2.1,3.0,0.9,0.3,1.2,2.5,6.3,1187,9.8,0.497,0.411,0.177,2.0,9.1,5.4,20.2,2.2,1.3,16.5,15.4,0.1,0.8,0.9,0.037,-3.6,0.4,-3.2,-0.4
2020,Reggie Bullock,SG,28,NYK,29,19,23.6,3.1,7.7,0.402,1.3,3.8,0.333,1.8,3.9,0.469,0.484,0.6,0.7,0.81,0.4,1.9,2.3,1.4,0.9,0.1,0.7,1.9,8.1,684,9.3,0.502,0.496,0.094,2.0,8.8,5.3,8.8,1.8,0.4,7.5,15.6,0.2,0.3,0.5,0.036,-2.8,-0.3,-3.0,-0.2
2020,Nerlens Noel,C,25,OKC,61,7,18.5,3.0,4.4,0.684,0.0,0.0,0.333,3.0,4.4,0.688,0.686,1.3,1.7,0.755,1.5,3.4,4.9,0.9,1.0,1.5,1.1,2.7,7.4,1127,20.4,0.711,0.011,0.394,9.2,19.9,14.7,7.6,2.5,6.9,17.3,14.9,2.6,2.3,4.9,0.209,-0.3,3.4,3.1,1.5
2020,Chris Paul,PG,34,OKC,70,70,31.5,6.2,12.7,0.489,1.6,4.3,0.365,4.6,8.3,0.554,0.552,3.6,4.0,0.907,0.4,4.6,5.0,6.7,1.6,0.2,2.3,2.3,17.6,2208,21.7,0.61,0.343,0.315,1.3,15.7,8.7,34.0,2.4,0.4,13.8,23.3,5.9,3.0,8.9,0.193,3.0,1.4,4.4,3.5
2020,Steven Adams,C,26,OKC,63,63,26.7,4.5,7.6,0.592,0.0,0.0,0.333,4.5,7.5,0.594,0.593,1.9,3.2,0.582,3.3,6.0,9.3,2.3,0.8,1.1,1.5,1.9,10.9,1680,20.5,0.604,0.006,0.421,14.0,24.0,19.2,13.2,1.5,3.4,14.2,17.3,3.8,2.7,6.5,0.185,1.9,1.1,2.9,2.1
2020,Danilo Gallinari,PF,31,OKC,62,62,29.6,5.8,13.2,0.438,2.9,7.1,0.405,2.9,6.1,0.476,0.547,4.3,4.8,0.893,0.5,4.6,5.2,1.9,0.7,0.1,1.2,1.2,18.7,1834,19.5,0.612,0.537,0.365,2.1,16.8,9.7,10.3,1.1,0.2,7.4,24.6,4.5,1.9,6.3,0.166,4.1,-0.9,3.3,2.4
2020,Shai Gilgeous-Alexander,SG,21,OKC,70,70,34.7,6.8,14.5,0.471,1.2,3.6,0.347,5.6,10.9,0.512,0.514,4.1,5.1,0.807,0.7,5.2,5.9,3.3,1.1,0.7,1.9,1.7,19.0,2428,17.7,0.568,0.247,0.352,2.2,16.1,9.4,15.2,1.6,1.7,10.3,23.7,3.1,3.0,6.1,0.121,1.3,0.4,1.7,2.2
2020,Mike Muscala,C,28,OKC,47,2,12.2,1.6,4.0,0.407,1.1,3.0,0.378,0.5,1.0,0.5,0.55,0.4,0.5,0.818,0.3,2.0,2.3,0.9,0.2,0.3,0.4,1.2,4.8,572,12.5,0.569,0.757,0.116,3.2,17.3,10.4,10.1,0.8,1.8,7.9,16.6,0.7,0.6,1.3,0.107,0.1,-0.2,-0.1,0.3
2020,Dennis Schröder,PG,26,OKC,65,2,30.8,7.0,14.8,0.469,1.9,5.0,0.385,5.0,9.8,0.513,0.534,3.0,3.6,0.839,0.3,3.3,3.6,4.0,0.7,0.2,2.6,2.2,18.9,1999,16.7,0.575,0.337,0.245,1.1,11.6,6.5,21.9,1.1,0.6,13.4,27.2,1.9,1.8,3.6,0.087,1.1,-1.1,0.0,1.0
2020,Abdel Nader,SF,26,OKC,55,6,15.8,2.2,4.8,0.468,0.9,2.3,0.375,1.4,2.5,0.556,0.559,0.9,1.2,0.773,0.3,1.6,1.8,0.7,0.4,0.4,0.8,1.4,6.3,867,11.3,0.591,0.487,0.251,1.8,10.6,6.4,6.4,1.3,2.0,12.8,17.0,0.5,0.9,1.3,0.074,-1.1,0.2,-1.0,0.2
2020,Luguentz Dort,SF,20,OKC,36,28,22.8,2.4,6.1,0.394,0.8,2.8,0.297,1.6,3.3,0.479,0.463,1.2,1.5,0.792,0.7,1.6,2.3,0.8,0.9,0.1,0.6,2.7,6.8,820,7.6,0.506,0.463,0.243,3.3,7.5,5.5,4.6,1.8,0.4,8.4,14.1,0.1,0.8,0.8,0.049,-4.1,0.4,-3.7,-0.4
2020,Nikola Vu?evi?,C,29,ORL,62,62,32.2,8.0,16.7,0.477,1.6,4.7,0.339,6.4,12.0,0.531,0.525,2.1,2.7,0.784,2.3,8.6,10.9,3.6,0.9,0.8,1.4,2.2,19.6,1998,21.9,0.549,0.28,0.162,7.3,29.7,18.1,19.5,1.3,2.1,7.4,25.8,3.5,2.9,6.4,0.153,3.7,0.5,4.2,3.1
2020,Mo Bamba,C,21,ORL,62,0,14.2,2.1,4.6,0.462,0.6,1.7,0.346,1.5,2.9,0.531,0.526,0.5,0.7,0.674,1.6,3.3,4.9,0.7,0.4,1.4,0.7,1.9,5.4,878,17.5,0.542,0.374,0.161,11.9,25.6,18.5,7.2,1.3,8.8,12.1,17.1,0.8,1.7,2.5,0.135,-1.2,1.6,0.4,0.5
2020,Jonathan Isaac,PF,22,ORL,34,32,28.8,4.6,9.8,0.47,0.9,2.8,0.34,3.6,7.0,0.521,0.518,1.8,2.3,0.779,1.7,5.1,6.8,1.4,1.6,2.3,1.4,2.4,11.9,980,17.3,0.552,0.283,0.232,6.2,19.6,12.7,7.4,2.6,7.2,11.8,18.3,0.6,1.9,2.5,0.12,-0.5,2.9,2.3,1.1
2020,Khem Birch,C,27,ORL,48,24,19.2,1.5,3.0,0.51,0.0,0.0,0.0,1.5,3.0,0.514,0.51,1.4,2.1,0.653,1.9,2.7,4.6,1.0,0.4,0.5,0.6,1.9,4.4,922,11.7,0.566,0.007,0.706,10.3,15.6,12.9,7.3,1.1,2.3,14.2,10.2,1.2,0.9,2.2,0.112,-2.5,0.2,-2.4,-0.1
2020,Michael Carter-Williams,SG,28,ORL,45,0,18.5,2.5,5.8,0.427,0.5,1.7,0.293,2.0,4.1,0.481,0.469,1.8,2.1,0.832,1.0,2.2,3.3,2.4,1.1,0.5,1.2,1.9,7.2,833,15.3,0.535,0.288,0.365,5.8,13.5,9.5,19.1,2.9,2.4,14.7,18.3,0.7,1.2,1.9,0.111,-1.5,1.6,0.1,0.5
2020,Evan Fournier,SF,27,ORL,66,66,31.5,6.6,14.1,0.467,2.6,6.6,0.399,4.0,7.5,0.527,0.56,2.7,3.3,0.818,0.3,2.3,2.6,3.2,1.1,0.2,1.9,2.4,18.5,2076,16.4,0.595,0.467,0.237,0.9,8.2,4.4,16.6,1.7,0.7,10.9,23.9,2.9,1.7,4.6,0.106,1.4,-0.4,1.0,1.6
2020,Gary Clark,SF,25,ORL,42,5,13.5,1.3,3.2,0.406,0.9,2.6,0.351,0.4,0.5,0.682,0.553,0.2,0.2,0.9,0.9,1.7,2.6,0.4,0.1,0.5,0.2,1.1,3.7,567,10.7,0.568,0.835,0.075,6.8,14.0,10.3,4.1,0.5,3.4,6.8,11.0,0.7,0.5,1.2,0.1,-0.9,-1.0,-1.9,0.0
2020,D.J. Augustin,PG,32,ORL,57,13,24.9,3.2,8.1,0.399,1.2,3.5,0.348,2.0,4.6,0.438,0.475,2.8,3.2,0.89,0.4,1.8,2.1,4.6,0.6,0.0,1.5,1.3,10.5,1420,14.0,0.554,0.436,0.393,1.6,7.8,4.6,26.8,1.2,0.1,13.7,19.1,2.0,0.9,2.9,0.098,-0.3,-1.3,-1.6,0.2
2020,James Ennis,SF,29,ORL,69,18,18.3,2.3,5.2,0.446,0.8,2.4,0.325,1.5,2.8,0.553,0.522,1.1,1.4,0.806,1.0,2.5,3.6,0.9,0.5,0.3,0.8,2.0,6.6,1265,11.5,0.565,0.471,0.273,6.1,15.3,10.6,7.0,1.3,1.5,12.6,15.7,1.0,1.4,2.4,0.09,-2.2,-0.4,-2.6,-0.2
2020,Joel Embiid,C,25,PHI,51,51,29.5,7.5,15.7,0.477,1.1,3.4,0.331,6.4,12.3,0.517,0.512,6.9,8.5,0.807,2.8,8.9,11.6,3.0,0.9,1.3,3.1,3.4,23.0,1506,25.8,0.59,0.215,0.543,10.3,33.2,21.7,16.9,1.4,3.7,13.8,32.9,3.3,2.7,6.0,0.192,3.7,1.0,4.7,2.5
2020,Ben Simmons,PG,23,PHI,57,57,35.4,6.6,11.4,0.58,0.0,0.1,0.286,6.5,11.2,0.583,0.581,3.2,5.2,0.621,2.0,5.8,7.8,8.0,2.1,0.6,3.5,3.3,16.4,2017,20.4,0.602,0.011,0.461,6.2,18.2,12.2,33.8,2.9,1.4,20.4,20.9,3.8,3.1,6.9,0.165,1.3,2.3,3.6,2.8
2020,Kyle O'Quinn,C,29,PHI,29,2,10.8,1.4,2.9,0.494,0.2,0.9,0.259,1.2,2.0,0.603,0.535,0.4,0.7,0.55,1.2,2.8,4.0,1.8,0.2,0.8,0.7,1.3,3.5,313,18.6,0.544,0.318,0.235,12.0,29.0,20.5,22.7,1.1,6.5,17.6,15.7,0.5,0.6,1.1,0.165,0.3,2.7,3.0,0.4
2020,Al Horford,C,33,PHI,67,61,30.2,4.8,10.6,0.45,1.5,4.2,0.35,3.3,6.4,0.516,0.52,0.9,1.2,0.763,1.5,5.3,6.8,4.0,0.8,0.9,1.2,2.1,11.9,2025,15.7,0.536,0.399,0.113,5.6,19.3,12.4,19.2,1.2,2.6,9.7,17.5,2.8,2.6,5.4,0.128,1.3,1.0,2.2,2.2
2020,Shake Milton,SG,23,PHI,40,24,20.1,3.4,6.9,0.484,1.5,3.4,0.43,1.9,3.6,0.535,0.588,1.3,1.6,0.785,0.4,1.8,2.2,2.6,0.5,0.2,1.2,2.3,9.4,805,14.4,0.617,0.487,0.235,2.1,10.0,6.0,18.8,1.2,0.7,13.3,18.9,1.4,0.7,2.1,0.126,0.0,-1.0,-1.0,0.2
2020,Tobias Harris,PF,27,PHI,72,72,34.3,7.7,16.3,0.471,1.8,5.0,0.367,5.9,11.3,0.517,0.527,2.4,3.0,0.806,1.0,5.9,6.9,3.2,0.7,0.6,1.4,2.3,19.6,2469,17.2,0.556,0.304,0.184,3.1,19.1,11.1,14.6,1.0,1.4,7.6,23.9,3.5,2.7,6.2,0.121,1.3,-0.5,0.8,1.8
2020,Alec Burks,SF,28,PHI,66,19,26.6,4.9,11.6,0.418,1.8,4.6,0.385,3.1,7.1,0.439,0.493,3.6,4.0,0.887,0.7,3.5,4.3,2.9,0.9,0.3,1.4,1.9,15.0,1754,16.7,0.561,0.392,0.345,2.9,14.9,8.7,17.2,1.7,0.9,9.3,23.8,2.5,1.2,3.7,0.101,1.2,-0.7,0.5,1.1
2020,Mike Scott,PF,31,PHI,68,11,17.8,2.2,5.1,0.426,1.2,3.2,0.369,1.0,2.0,0.519,0.54,0.4,0.5,0.811,1.0,2.7,3.6,0.8,0.3,0.1,0.4,1.4,6.0,1207,11.2,0.557,0.62,0.106,5.9,16.8,11.3,6.4,0.8,0.4,6.6,14.0,1.4,1.1,2.5,0.1,-0.7,-1.1,-1.8,0.1
2020,Matisse Thybulle,SG,22,PHI,65,14,19.8,1.7,4.1,0.423,0.9,2.4,0.357,0.9,1.7,0.519,0.528,0.4,0.6,0.61,0.7,1.0,1.6,1.2,1.4,0.7,0.8,2.2,4.7,1287,10.0,0.539,0.592,0.155,3.8,5.4,4.6,8.0,3.5,3.1,15.3,11.2,0.3,2.0,2.3,0.086,-2.8,3.1,0.3,0.8
2020,Devin Booker,SG,23,PHO,70,70,35.9,9.0,18.3,0.489,2.0,5.7,0.354,6.9,12.6,0.549,0.544,6.7,7.3,0.919,0.4,3.8,4.2,6.5,0.7,0.3,3.8,3.0,26.6,2512,20.6,0.618,0.31,0.397,1.3,12.0,6.6,30.0,0.9,0.6,14.9,30.0,6.0,1.5,7.5,0.143,3.4,-1.3,2.2,2.6
2020,Cheick Diallo,C,23,PHO,47,2,10.2,2.0,3.0,0.648,0.0,0.1,0.333,1.9,3.0,0.655,0.651,0.7,0.8,0.872,0.6,2.1,2.8,0.5,0.2,0.3,0.7,1.2,4.7,479,16.5,0.688,0.021,0.275,6.9,23.7,15.2,6.9,1.1,2.2,16.7,17.0,0.8,0.5,1.3,0.132,-1.1,-0.2,-1.3,0.1
2020,Deandre Ayton,C,21,PHO,38,32,32.5,8.2,14.9,0.546,0.1,0.3,0.231,8.1,14.6,0.553,0.548,1.8,2.3,0.753,3.9,7.6,11.5,1.9,0.7,1.5,2.1,3.1,18.2,1236,20.0,0.568,0.023,0.157,13.0,26.3,19.6,9.7,1.0,4.1,11.6,23.7,1.5,1.6,3.1,0.121,0.8,-0.4,0.4,0.7
2020,Ricky Rubio,PG,29,PHO,65,65,31.0,4.4,10.6,0.415,1.2,3.3,0.361,3.2,7.3,0.439,0.471,3.0,3.5,0.863,0.7,4.0,4.7,8.8,1.4,0.2,2.7,2.6,13.0,2016,16.5,0.535,0.312,0.327,2.5,14.4,8.4,39.7,2.2,0.5,17.9,20.4,2.9,2.0,4.9,0.117,0.7,0.2,1.0,1.5
2020,Mikal Bridges,SF,23,PHO,73,32,28.0,3.4,6.6,0.51,1.0,2.7,0.361,2.4,4.0,0.61,0.583,1.4,1.7,0.844,0.9,3.1,4.0,1.8,1.4,0.6,1.0,2.2,9.1,2042,12.9,0.62,0.401,0.252,3.5,12.4,7.9,8.6,2.4,2.0,12.0,12.7,2.5,2.3,4.8,0.113,-0.6,1.5,0.8,1.5
2020,Aron Baynes,C,33,PHO,42,28,22.2,4.4,9.1,0.48,1.4,4.0,0.351,3.0,5.1,0.582,0.558,1.3,1.8,0.747,1.7,4.0,5.6,1.6,0.2,0.5,1.2,3.4,11.5,934,15.2,0.581,0.441,0.197,8.3,20.0,14.1,10.9,0.5,2.1,10.8,21.1,1.3,0.8,2.1,0.107,-0.2,-0.8,-1.0,0.2
2020,Dario ?ari?,PF,25,PHO,66,51,24.7,3.9,8.2,0.476,1.3,3.6,0.357,2.6,4.6,0.568,0.554,1.6,1.9,0.844,1.5,4.6,6.2,1.9,0.6,0.2,1.3,2.4,10.7,1632,14.2,0.592,0.437,0.238,6.7,21.1,13.8,10.8,1.1,0.9,12.9,17.8,2.1,1.5,3.6,0.105,-0.1,-0.3,-0.4,0.7
2020,Cameron Johnson,PF,23,PHO,57,9,22.0,3.1,7.1,0.435,1.9,4.8,0.39,1.2,2.3,0.526,0.565,0.8,1.0,0.807,0.9,2.4,3.3,1.2,0.6,0.4,0.6,1.5,8.8,1255,12.9,0.586,0.672,0.141,4.3,12.4,8.3,7.7,1.4,1.4,6.9,15.7,1.7,1.0,2.7,0.102,0.8,-0.4,0.3,0.7
2020,Jae Crowder,SF,29,PHO,65,53,28.8,3.5,8.7,0.401,2.1,6.1,0.343,1.4,2.6,0.538,0.521,1.5,1.9,0.776,0.8,5.1,5.9,2.5,1.1,0.4,1.1,2.2,10.5,1875,12.5,0.553,0.7,0.222,3.0,18.5,11.0,11.5,1.8,1.2,10.0,15.5,1.6,2.2,3.8,0.098,-0.5,0.4,-0.1,0.9
2020,Damian Lillard,PG,29,POR,66,66,37.5,9.5,20.4,0.463,4.1,10.2,0.401,5.4,10.2,0.524,0.563,7.0,7.8,0.888,0.5,3.8,4.3,8.0,1.1,0.3,2.9,1.7,30.0,2474,26.9,0.627,0.5,0.384,1.4,10.5,6.0,34.4,1.3,0.8,11.0,30.3,10.9,0.7,11.6,0.225,8.3,-0.9,7.5,5.9
2020,Hassan Whiteside,C,30,POR,67,61,30.0,6.5,10.5,0.621,0.1,0.1,0.571,6.4,10.4,0.622,0.624,2.4,3.6,0.686,3.9,9.7,13.5,1.2,0.4,2.9,1.8,2.9,15.5,2008,25.0,0.644,0.01,0.34,13.6,33.3,23.6,5.9,0.6,8.4,12.9,19.6,5.6,3.0,8.5,0.204,2.5,0.7,3.2,2.6
2020,Skal Labissière,C,23,POR,33,1,17.2,2.5,4.5,0.551,0.1,0.4,0.231,2.4,4.1,0.582,0.561,0.8,1.0,0.758,2.0,3.2,5.1,1.3,0.2,0.9,0.9,2.7,5.8,567,15.4,0.588,0.088,0.224,12.1,19.0,15.6,10.1,0.6,4.7,15.7,14.3,1.0,0.4,1.4,0.119,-1.5,0.2,-1.3,0.1
2020,Gary Trent Jr.,SF,21,POR,61,8,21.8,3.2,7.2,0.444,1.8,4.4,0.418,1.4,2.8,0.486,0.571,0.6,0.7,0.822,0.4,1.2,1.6,1.0,0.8,0.3,0.3,1.5,8.9,1332,12.9,0.587,0.608,0.102,2.0,5.8,3.9,6.3,1.7,1.0,4.4,15.3,2.2,0.3,2.5,0.089,0.5,-0.8,-0.3,0.6
2020,Rodney Hood,SF,27,POR,21,21,29.5,4.1,8.2,0.506,1.7,3.4,0.493,2.5,4.8,0.515,0.608,1.0,1.3,0.778,0.5,3.0,3.4,1.5,0.8,0.2,0.9,2.2,11.0,619,12.2,0.625,0.413,0.157,1.7,10.4,6.1,7.0,1.3,0.6,9.4,13.9,0.9,0.2,1.1,0.084,-0.4,-0.5,-0.9,0.2
2020,Robert Covington,PF,29,POR,70,68,30.5,4.4,10.3,0.422,2.3,6.9,0.335,2.1,3.5,0.593,0.533,1.4,1.8,0.798,0.9,5.7,6.6,1.3,1.6,1.3,1.5,3.1,12.4,2137,13.3,0.559,0.664,0.172,3.0,20.2,11.4,5.9,2.5,3.7,11.7,17.0,0.7,3.0,3.7,0.083,-1.2,1.3,0.0,1.1
2020,Trevor Ariza,SF,34,POR,53,21,28.2,2.7,6.1,0.438,1.5,3.9,0.372,1.2,2.2,0.556,0.557,1.2,1.4,0.838,0.6,4.0,4.6,1.7,1.3,0.3,1.1,2.1,8.0,1493,11.0,0.593,0.639,0.228,2.5,15.7,9.0,8.0,2.2,0.9,13.6,11.8,1.3,1.2,2.5,0.081,-1.4,0.9,-0.5,0.5
2020,CJ McCollum,SG,28,POR,70,70,36.5,8.7,19.4,0.451,2.8,7.3,0.379,6.0,12.1,0.494,0.522,2.0,2.6,0.757,0.7,3.6,4.2,4.4,0.8,0.6,1.8,2.6,22.2,2556,17.0,0.541,0.378,0.136,1.9,10.2,6.1,19.1,1.0,1.4,8.1,25.9,3.5,0.6,4.1,0.077,2.3,-1.8,0.5,1.6
2020,Nassir Little,PF,19,POR,48,5,11.9,1.4,3.1,0.43,0.3,1.2,0.237,1.1,1.9,0.554,0.477,0.6,0.9,0.636,0.6,1.6,2.3,0.5,0.3,0.3,0.3,1.5,3.6,573,9.6,0.505,0.391,0.291,5.7,13.9,9.9,5.0,1.1,2.1,8.1,13.7,0.3,0.3,0.6,0.047,-2.9,-0.6,-3.5,-0.2
2020,Richaun Holmes,C,26,SAC,44,38,28.2,5.1,7.8,0.648,0.0,0.0,0.0,5.1,7.8,0.648,0.648,2.1,2.7,0.788,2.9,5.3,8.1,1.0,0.9,1.3,1.2,3.8,12.3,1242,19.7,0.681,0.0,0.343,11.2,21.5,16.2,5.1,1.6,4.3,11.6,15.6,3.4,1.5,4.9,0.19,0.3,0.6,1.0,0.9
2020,Nemanja Bjelica,PF,31,SAC,72,67,27.9,4.4,9.1,0.481,1.9,4.4,0.419,2.5,4.6,0.541,0.583,1.0,1.2,0.821,1.5,4.8,6.4,2.8,0.9,0.6,1.4,3.0,11.5,2011,15.7,0.602,0.49,0.129,6.1,19.9,12.8,14.7,1.5,1.9,12.5,17.0,3.4,1.9,5.3,0.127,1.2,0.5,1.7,1.9
2020,Alex Len,C,26,SAC,55,12,17.6,3.2,5.8,0.555,0.3,1.1,0.271,2.9,4.7,0.619,0.58,1.2,1.9,0.648,1.8,4.0,5.8,0.9,0.4,0.9,1.0,2.3,8.0,970,17.7,0.6,0.185,0.329,11.1,25.2,18.0,7.9,1.1,4.3,13.1,18.1,1.5,1.0,2.5,0.122,-0.5,-0.3,-0.7,0.3
2020,De'Aaron Fox,PG,22,SAC,51,49,32.0,7.7,16.0,0.48,1.1,3.6,0.292,6.6,12.4,0.535,0.513,4.7,6.7,0.705,0.7,3.2,3.8,6.8,1.5,0.5,3.1,2.8,21.1,1634,20.6,0.558,0.227,0.42,2.4,11.4,6.8,35.3,2.2,1.5,14.1,29.8,2.6,1.4,4.0,0.118,2.3,-0.5,1.8,1.6
2020,Harry Giles,C,21,SAC,46,17,14.5,3.0,5.5,0.554,0.0,0.0,0.0,3.0,5.4,0.558,0.554,0.8,1.1,0.776,0.9,3.2,4.1,1.3,0.5,0.4,1.0,2.6,6.9,667,16.4,0.58,0.008,0.195,7.1,25.1,15.9,14.2,1.6,2.6,13.9,20.6,0.8,0.8,1.6,0.112,-2.2,0.9,-1.3,0.1
2020,Harrison Barnes,PF,27,SAC,72,72,34.5,5.1,11.0,0.46,1.4,3.7,0.381,3.7,7.3,0.501,0.525,3.0,3.7,0.801,1.1,3.9,4.9,2.2,0.6,0.2,1.2,1.3,14.5,2482,13.3,0.574,0.338,0.337,3.4,12.9,8.1,9.2,0.8,0.5,8.8,17.4,3.4,1.1,4.6,0.088,0.0,-1.3,-1.3,0.5
2020,Bogdan Bogdanovi?,SG,27,SAC,61,28,29.0,5.5,12.6,0.44,2.7,7.2,0.372,2.8,5.3,0.532,0.547,1.4,1.9,0.741,0.4,3.0,3.4,3.4,1.0,0.2,1.7,2.2,15.1,1766,15.1,0.565,0.576,0.151,1.6,11.8,6.6,18.0,1.8,0.8,11.1,22.6,1.8,1.3,3.1,0.084,1.2,-0.5,0.6,1.2
2020,Jabari Parker,PF,24,SAC,38,23,24.1,5.8,11.3,0.51,0.8,3.1,0.269,4.9,8.2,0.603,0.548,1.6,2.1,0.753,1.6,4.0,5.6,1.8,1.2,0.4,1.7,2.6,14.0,917,18.0,0.571,0.277,0.189,7.1,18.3,12.6,12.4,2.3,1.5,12.1,24.0,0.8,0.8,1.6,0.083,0.6,-0.3,0.3,0.5
2020,Glenn Robinson III,SF,26,SAC,62,52,28.8,4.6,9.5,0.486,1.2,3.2,0.391,3.4,6.4,0.534,0.552,1.2,1.4,0.86,1.3,3.0,4.4,1.5,0.9,0.3,0.9,1.6,11.7,1786,13.3,0.577,0.333,0.145,4.8,11.9,8.2,8.4,1.5,0.8,8.0,16.4,2.0,0.9,2.9,0.078,-0.5,-1.2,-1.7,0.1
2020,Keldon Johnson,SF,20,SAS,17,1,17.7,3.1,5.2,0.596,0.8,1.3,0.591,2.4,3.9,0.597,0.669,2.1,2.6,0.795,0.6,2.8,3.4,0.9,0.8,0.1,0.8,1.6,9.1,301,19.1,0.711,0.247,0.494,3.6,16.8,10.2,7.2,2.2,0.6,10.7,17.4,0.8,0.2,1.1,0.174,1.5,0.0,1.5,0.3
2020,Jakob Poeltl,C,24,SAS,66,18,17.7,2.5,4.0,0.624,0.0,0.0,0.0,2.5,4.0,0.624,0.624,0.6,1.3,0.465,2.0,3.7,5.7,1.8,0.6,1.4,0.8,1.9,5.6,1171,19.1,0.612,0.0,0.323,12.1,22.5,17.3,13.6,1.5,7.1,15.1,13.2,2.4,1.6,4.0,0.163,0.5,2.0,2.5,1.3
2020,DeMar DeRozan,SF,30,SAS,68,68,34.1,8.2,15.4,0.531,0.1,0.5,0.257,8.1,14.9,0.54,0.535,5.6,6.6,0.845,0.6,4.9,5.5,5.6,1.0,0.3,2.4,2.6,22.1,2316,21.6,0.603,0.033,0.43,2.0,15.4,8.7,26.1,1.4,0.8,11.6,26.3,5.9,1.3,7.3,0.151,2.3,-0.4,1.9,2.3
2020,Drew Eubanks,C,22,SAS,22,3,12.4,2.0,3.0,0.642,0.0,0.0,1.0,1.9,3.0,0.636,0.649,0.9,1.2,0.769,1.3,2.6,3.9,0.7,0.2,0.8,1.0,1.7,4.9,272,17.3,0.682,0.015,0.388,11.1,22.6,16.8,7.7,0.9,5.5,21.1,15.8,0.5,0.3,0.8,0.134,-1.4,-0.3,-1.7,0.0
2020,LaMarcus Aldridge,C,34,SAS,53,53,33.1,7.4,15.0,0.493,1.2,3.0,0.389,6.2,12.0,0.519,0.532,3.0,3.6,0.827,1.9,5.5,7.4,2.4,0.7,1.6,1.4,2.4,18.9,1754,19.7,0.571,0.198,0.241,6.3,17.8,12.0,11.4,1.0,4.4,7.8,23.4,3.0,1.4,4.5,0.122,1.8,-0.5,1.4,1.5
2020,Derrick White,SG,25,SAS,68,20,24.7,3.7,8.1,0.458,1.2,3.2,0.366,2.6,4.9,0.518,0.53,2.6,3.1,0.853,0.5,2.8,3.3,3.5,0.6,0.9,1.3,2.2,11.3,1677,16.4,0.593,0.391,0.382,2.3,12.1,7.2,20.0,1.3,3.1,12.1,18.9,3.1,1.1,4.2,0.119,1.2,0.1,1.3,1.4
2020,Patty Mills,PG,31,SAS,66,1,22.5,3.9,9.1,0.431,2.3,6.1,0.382,1.6,3.0,0.533,0.56,1.5,1.7,0.866,0.3,1.3,1.6,1.8,0.8,0.1,0.8,1.6,11.6,1485,14.8,0.592,0.674,0.187,1.6,6.2,3.9,11.4,1.7,0.4,7.7,20.4,2.3,0.5,2.8,0.091,1.2,-1.2,0.0,0.8
2020,Trey Lyles,PF,24,SAS,63,53,20.2,2.4,5.4,0.446,1.0,2.7,0.387,1.4,2.8,0.503,0.541,0.5,0.7,0.733,1.1,4.6,5.7,1.1,0.4,0.4,0.6,1.6,6.4,1271,12.6,0.557,0.49,0.131,6.0,24.6,15.3,7.2,1.1,1.9,9.7,13.6,1.2,1.0,2.2,0.083,-0.5,-0.7,-1.2,0.3
2020,Keita Bates-Diop,PF,24,SAS,44,0,16.9,2.3,5.3,0.427,0.8,2.3,0.33,1.5,3.0,0.504,0.5,1.2,1.7,0.72,0.6,2.3,2.9,0.7,0.4,0.5,0.4,1.0,6.5,744,12.4,0.539,0.44,0.321,3.5,15.1,9.1,5.8,1.2,2.7,6.0,15.8,0.6,0.6,1.2,0.078,-1.0,-0.4,-1.4,0.1
2020,Chris Boucher,C,27,TOR,62,0,13.2,2.3,4.8,0.472,0.6,1.9,0.322,1.7,2.9,0.569,0.535,1.5,1.9,0.784,1.7,2.7,4.5,0.4,0.4,1.0,0.5,1.8,6.6,819,20.7,0.587,0.395,0.388,14.1,21.4,17.9,4.8,1.3,7.3,7.4,19.7,2.1,1.8,3.8,0.224,1.0,1.0,2.0,0.8
2020,Kyle Lowry,PG,33,TOR,58,58,36.2,5.8,13.8,0.416,2.8,8.0,0.352,2.9,5.8,0.504,0.518,5.1,5.9,0.857,0.6,4.5,5.0,7.5,1.4,0.4,3.1,3.3,19.4,2098,17.7,0.59,0.58,0.427,1.6,12.8,7.3,30.6,1.9,1.2,15.7,23.1,4.2,3.3,7.5,0.171,2.2,1.0,3.2,2.8
2020,Norman Powell,SG,26,TOR,52,26,28.4,5.7,11.5,0.495,2.1,5.3,0.399,3.6,6.3,0.575,0.586,2.5,2.9,0.843,0.5,3.2,3.7,1.8,1.2,0.4,1.5,2.1,16.0,1479,16.8,0.624,0.457,0.256,1.9,11.4,6.8,9.7,1.9,1.4,10.4,21.5,2.3,2.3,4.6,0.15,1.2,0.8,2.0,1.5
2020,Rondae Hollis-Jefferson,PF,25,TOR,60,6,18.7,2.6,5.5,0.471,0.1,0.4,0.13,2.5,5.1,0.497,0.476,1.8,2.4,0.734,1.8,2.9,4.7,1.8,0.8,0.4,1.0,1.9,7.0,1122,15.1,0.533,0.07,0.435,10.6,15.9,13.3,13.6,2.0,2.0,13.1,17.2,1.4,2.0,3.4,0.146,-1.2,1.5,0.3,0.6
2020,Fred VanVleet,SG,25,TOR,54,54,35.7,5.9,14.3,0.413,2.7,6.9,0.39,3.2,7.4,0.434,0.507,3.1,3.7,0.848,0.3,3.4,3.8,6.6,1.9,0.3,2.2,2.4,17.6,1928,16.3,0.553,0.484,0.256,1.0,9.9,5.6,27.7,2.5,0.9,12.3,21.7,2.8,3.1,5.8,0.145,1.2,1.4,2.7,2.3
2020,OG Anunoby,SF,22,TOR,69,68,29.9,4.1,8.2,0.505,1.3,3.3,0.39,2.9,4.9,0.583,0.584,1.0,1.5,0.706,1.2,4.1,5.3,1.6,1.4,0.7,1.1,2.4,10.6,2066,13.2,0.6,0.403,0.18,4.2,14.2,9.3,7.5,2.2,2.1,11.5,14.3,2.1,3.7,5.7,0.134,-0.8,1.9,1.2,1.7
2020,Matt Thomas,SG,25,TOR,41,1,10.7,1.8,3.7,0.487,1.1,2.4,0.475,0.6,1.2,0.51,0.643,0.2,0.3,0.75,0.2,1.3,1.5,0.5,0.2,0.0,0.4,0.9,4.9,440,13.3,0.65,0.66,0.08,2.2,12.2,7.3,7.5,1.1,0.2,9.3,16.6,0.7,0.6,1.2,0.133,1.0,0.1,1.1,0.3
2020,Serge Ibaka,C,30,TOR,55,27,27.0,6.2,12.2,0.512,1.3,3.3,0.385,5.0,8.9,0.559,0.564,1.6,2.3,0.718,2.1,6.1,8.2,1.4,0.5,0.8,2.0,2.8,15.4,1485,17.3,0.583,0.272,0.185,8.3,23.5,16.1,8.6,0.9,3.0,13.1,24.0,1.2,2.7,3.9,0.126,0.1,0.0,0.1,0.8
2020,Marc Gasol,C,35,TOR,44,43,26.4,2.7,6.3,0.427,1.3,3.4,0.385,1.4,3.0,0.473,0.529,0.8,1.1,0.735,0.7,5.5,6.3,3.3,0.8,0.9,1.3,2.8,7.5,1161,11.8,0.551,0.53,0.176,2.9,21.7,12.5,17.3,1.4,3.2,16.4,13.2,0.8,2.2,3.0,0.124,-1.2,2.8,1.6,1.1
2020,Tony Bradley,C,22,UTA,58,3,11.4,2.2,3.3,0.667,0.1,0.1,1.0,2.1,3.2,0.661,0.675,0.5,0.8,0.652,1.9,2.7,4.6,0.4,0.2,0.6,0.5,2.0,4.9,663,21.7,0.681,0.016,0.243,19.1,25.0,22.2,5.4,1.0,4.1,12.5,15.8,2.2,1.1,3.3,0.236,1.0,0.3,1.3,0.6
2020,Rudy Gobert,C,27,UTA,68,68,34.3,5.7,8.2,0.693,0.0,0.0,0.0,5.7,8.2,0.693,0.693,3.7,5.9,0.63,3.4,10.1,13.5,1.5,0.8,2.0,1.9,3.2,15.1,2333,21.7,0.699,0.0,0.724,11.2,31.3,21.6,6.5,1.1,4.8,15.0,16.2,6.5,4.2,10.7,0.221,1.7,1.9,3.6,3.3
2020,Donovan Mitchell,SG,23,UTA,69,69,34.3,8.7,19.4,0.449,2.5,6.9,0.366,6.2,12.6,0.494,0.513,4.0,4.7,0.863,0.8,3.6,4.4,4.3,1.0,0.2,2.7,2.5,24.0,2364,18.8,0.558,0.352,0.24,2.6,11.3,7.1,21.6,1.4,0.5,11.0,30.8,3.2,2.2,5.4,0.11,2.4,-0.6,1.9,2.3
2020,Joe Ingles,PF,32,UTA,72,45,29.7,3.4,7.7,0.445,2.0,4.9,0.399,1.5,2.8,0.525,0.572,1.0,1.3,0.787,0.4,3.5,3.9,5.2,0.9,0.2,2.0,2.1,9.8,2137,12.6,0.595,0.638,0.17,1.4,12.5,7.2,24.4,1.5,0.4,19.3,15.1,2.7,2.1,4.8,0.108,0.0,0.7,0.7,1.5
2020,Ed Davis,C,30,UTA,28,1,10.8,0.8,1.6,0.478,0.0,0.0,0.0,0.8,1.6,0.478,0.478,0.3,0.5,0.5,1.3,2.5,3.8,0.4,0.4,0.3,0.5,2.2,1.8,303,9.5,0.489,0.0,0.304,13.2,24.6,19.1,5.2,1.8,2.5,20.0,9.4,0.2,0.5,0.6,0.102,-4.6,1.5,-3.2,-0.1
2020,Royce O'Neale,SF,26,UTA,71,62,28.9,2.2,5.1,0.433,1.3,3.4,0.377,0.9,1.7,0.545,0.559,0.6,0.8,0.764,0.4,5.1,5.5,2.5,0.8,0.5,0.9,2.8,6.3,2049,9.5,0.578,0.668,0.151,1.5,18.8,10.4,11.6,1.4,1.3,13.5,9.6,1.8,2.5,4.3,0.101,-1.3,2.2,0.9,1.5
2020,Jordan Clarkson,SG,27,UTA,71,2,24.0,5.5,12.2,0.454,2.1,5.8,0.368,3.4,6.4,0.533,0.542,1.9,2.3,0.836,0.7,1.9,2.6,1.9,0.6,0.2,1.4,1.5,15.2,1705,17.3,0.574,0.476,0.19,3.3,8.7,6.1,13.2,1.3,0.8,9.4,26.3,2.4,1.0,3.4,0.096,2.4,-1.3,1.1,1.3
2020,Bojan Bogdanovi?,SF,30,UTA,63,63,33.1,6.6,14.8,0.447,3.0,7.3,0.414,3.6,7.6,0.479,0.548,4.0,4.4,0.903,0.6,3.5,4.1,2.1,0.5,0.1,2.5,1.7,20.2,2083,15.6,0.603,0.489,0.296,2.1,11.2,6.8,10.0,0.8,0.3,13.1,25.5,2.6,1.6,4.2,0.096,1.6,-1.5,0.1,1.1
2020,Georges Niang,PF,26,UTA,66,1,14.0,2.1,4.9,0.438,1.4,3.4,0.4,0.8,1.5,0.526,0.578,0.3,0.4,0.833,0.2,1.7,1.9,0.7,0.3,0.1,0.5,1.1,5.9,923,11.7,0.589,0.699,0.075,1.9,12.9,7.6,7.0,0.9,0.4,8.3,17.2,1.0,0.8,1.8,0.092,0.4,-0.5,-0.1,0.4
2020,Thomas Bryant,C,22,WAS,46,36,24.9,5.3,9.1,0.581,0.8,2.0,0.407,4.5,7.1,0.63,0.626,1.9,2.5,0.741,2.1,5.1,7.2,1.8,0.5,1.1,1.2,2.2,13.2,1147,21.1,0.649,0.218,0.278,9.0,23.1,15.8,11.1,1.0,3.7,10.2,18.9,3.1,0.8,3.9,0.164,2.9,-0.7,2.2,1.2
2020,Garrison Mathews,SG,23,WAS,18,0,12.6,1.3,3.1,0.429,1.1,2.6,0.413,0.3,0.6,0.5,0.598,1.7,1.9,0.912,0.3,1.0,1.3,0.6,0.4,0.1,0.4,1.8,5.4,227,13.1,0.691,0.821,0.607,2.8,9.0,5.8,5.8,1.6,0.4,10.1,14.5,0.6,0.1,0.6,0.131,-0.6,-0.5,-1.1,0.1
2020,Bradley Beal,SG,26,WAS,57,57,36.0,10.4,22.9,0.455,3.0,8.4,0.353,7.4,14.4,0.515,0.52,6.8,8.0,0.842,0.9,3.3,4.2,6.1,1.2,0.4,3.4,2.2,30.5,2053,23.2,0.579,0.369,0.351,2.7,10.5,6.4,29.5,1.6,1.0,11.4,34.4,4.5,0.6,5.1,0.118,5.3,-2.4,2.9,2.5
2020,Johnathan Williams,PF,24,WAS,15,6,12.0,1.3,2.3,0.559,0.0,0.1,0.0,1.3,2.1,0.594,0.559,0.5,0.9,0.538,1.6,2.7,4.3,0.5,0.1,0.5,0.3,1.1,3.0,180,14.0,0.566,0.059,0.382,14.0,25.3,19.4,5.9,0.3,3.9,11.2,10.3,0.3,0.1,0.4,0.109,-0.8,-1.4,-2.2,0.0
2020,D?vis Bert?ns,PF,27,WAS,54,4,29.3,4.9,11.3,0.434,3.7,8.7,0.424,1.2,2.6,0.471,0.598,1.9,2.3,0.852,0.6,3.9,4.5,1.7,0.7,0.6,1.1,2.6,15.4,1583,15.5,0.628,0.774,0.2,2.3,15.1,8.5,8.4,1.1,1.8,8.2,19.0,3.0,0.5,3.5,0.107,2.7,-1.8,0.9,1.1
2020,Moritz Wagner,C,22,WAS,45,5,18.6,3.2,5.9,0.545,0.6,1.8,0.313,2.7,4.1,0.645,0.592,1.7,2.1,0.821,1.2,3.6,4.9,1.2,0.6,0.4,1.5,3.4,8.7,835,15.1,0.638,0.301,0.357,7.0,22.2,14.3,9.8,1.6,2.0,17.7,18.6,1.1,0.6,1.7,0.099,-2.0,-0.3,-2.3,-0.1
2020,Ian Mahinmi,C,33,WAS,38,35,21.3,2.7,5.5,0.495,0.1,0.7,0.192,2.6,4.8,0.538,0.507,1.8,3.0,0.619,2.1,3.7,5.7,1.3,0.8,1.2,1.2,3.0,7.4,808,14.2,0.545,0.124,0.538,10.1,19.7,14.7,8.3,1.8,4.8,14.8,15.7,0.7,0.7,1.4,0.083,-2.8,0.0,-2.7,-0.2
2020,Isaac Bonga,SF,20,WAS,66,49,18.9,1.8,3.5,0.504,0.4,1.1,0.352,1.4,2.5,0.571,0.558,1.0,1.3,0.812,1.1,2.3,3.4,1.2,0.7,0.3,0.9,2.4,5.0,1250,10.2,0.608,0.303,0.363,6.0,13.8,9.7,7.9,1.7,1.5,17.6,11.0,1.2,0.6,1.8,0.068,-2.7,-0.1,-2.8,-0.3
2020,Troy Brown Jr.,SF,20,WAS,69,22,25.8,4.0,9.0,0.439,0.9,2.6,0.341,3.1,6.4,0.479,0.488,1.6,2.0,0.784,1.1,4.4,5.6,2.6,1.2,0.1,1.1,1.9,10.4,1782,13.7,0.524,0.288,0.223,4.5,19.6,11.7,14.1,2.2,0.3,10.4,17.8,1.3,1.2,2.4,0.065,-0.8,-0.4,-1.3,0.3
